"","Genotype","Data","Sample","NMJ","Segment","Boutons","Experiment","IntDen...pMad","CTCF"
"1","WT-cr/LoxP","Boutons","1a","4",3,"33",1,NA,NA
"2","WT-cr/LoxP","Boutons","2a","4",3,"19",1,NA,NA
"3","WT-cr/LoxP","Boutons","2b","4",3,"38",1,NA,NA
"4","WT-cr/LoxP","Boutons","3a","4",3,"15",1,NA,NA
"5","WT-cr/LoxP","Boutons","3b","4",3,"25",1,NA,NA
"6","WT-cr/LoxP","Boutons","4a","4",3,"15",1,NA,NA
"7","WT-cr/LoxP","Boutons","4b","4",3,"23",1,NA,NA
"8","WT-cr/LoxP","Boutons","5a","4",3,"28",1,NA,NA
"9","WT-cr/LoxP","Boutons","6a","4",3,"32",1,NA,NA
"10","WT-cr/LoxP","Boutons","5b","4",3,"22",1,NA,NA
"11","WT-cr/LoxP","Boutons","4b","4",3,"20",2,NA,NA
"12","WT-cr/LoxP","Boutons","5a","4",3,"35",2,NA,NA
"13","WT-cr/LoxP","Boutons","5b","4",3,"30",2,NA,NA
"14","WT-cr/LoxP","Boutons","1a","4",3,"37",2,NA,NA
"15","WT-cr/LoxP","Boutons","1b","4",3,"23",2,NA,NA
"16","WT-cr/LoxP","Boutons","2a","4",3,"29",2,NA,NA
"17","WT-cr/LoxP","Boutons","2b","4",3,"23",2,NA,NA
"18","WT-cr/LoxP","Boutons","3a","4",3,"48",2,NA,NA
"19","WT-cr/LoxP","Boutons","1a","4",4,"22",1,NA,NA
"20","WT-cr/LoxP","Boutons","1b","4",4,"18",1,NA,NA
"21","WT-cr/LoxP","Boutons","2a","4",4,"45",1,NA,NA
"22","WT-cr/LoxP","Boutons","2b","4",4,"35",1,NA,NA
"23","WT-cr/LoxP","Boutons","3a","4",4,"38",1,NA,NA
"24","WT-cr/LoxP","Boutons","3b","4",4,"39",1,NA,NA
"25","WT-cr/LoxP","Boutons","4a","4",4,"39",1,NA,NA
"26","WT-cr/LoxP","Boutons","4b","4",4,"20",1,NA,NA
"27","WT-cr/LoxP","Boutons","5a","4",4,"39",1,NA,NA
"28","WT-cr/LoxP","Boutons","5b","4",4,"38",1,NA,NA
"29","WT-cr/LoxP","Boutons","6a","4",4,"27",1,NA,NA
"30","WT-cr/LoxP","Boutons","6b","4",4,"36",1,NA,NA
"31","WT-cr/LoxP","Boutons","1a","4",4,"32",2,NA,NA
"32","WT-cr/LoxP","Boutons","1b","4",4,"28",2,NA,NA
"33","WT-cr/LoxP","Boutons","2a","4",4,"22",2,NA,NA
"34","WT-cr/LoxP","Boutons","2b","4",4,"31",2,NA,NA
"35","WT-cr/LoxP","Boutons","3a","4",4,"30",2,NA,NA
"36","WT-cr/LoxP","Boutons","3b","4",4,"26",2,NA,NA
"37","WT-cr/LoxP","Boutons","4a","4",4,"32",2,NA,NA
"38","WT-cr/LoxP","Boutons","4b","4",4,"35",2,NA,NA
"39","WT-cr/LoxP","Boutons","5a","4",4,"35",2,NA,NA
"40","WT-cr/LoxP","Boutons","5b","4",4,"33",2,NA,NA
"41","WT-cr/LoxP","Boutons","6a","4",4,"38",2,NA,NA
"42","WT-cr/LoxP","Boutons","6b","4",4,"48",2,NA,NA
"43","WT-cr/LoxP","Boutons","1a","4",5,"23",1,NA,NA
"44","WT-cr/LoxP","Boutons","1b","4",5,"34",1,NA,NA
"45","WT-cr/LoxP","Boutons","2a","4",5,"34",1,NA,NA
"46","WT-cr/LoxP","Boutons","2b","4",5,"8",1,NA,NA
"47","WT-cr/LoxP","Boutons","3a","4",5,"49",1,NA,NA
"48","WT-cr/LoxP","Boutons","3b","4",5,"43",1,NA,NA
"49","WT-cr/LoxP","Boutons","4a","4",5,"13",1,NA,NA
"50","WT-cr/LoxP","Boutons","4b","4",5,"33",1,NA,NA
"51","WT-cr/LoxP","Boutons","5a","4",5,"38",1,NA,NA
"52","WT-cr/LoxP","Boutons","5b","4",5,"42",1,NA,NA
"53","WT-cr/LoxP","Boutons","6a","4",5,"30",1,NA,NA
"54","WT-cr/LoxP","Boutons","6b","4",5,"23",1,NA,NA
"55","WT-cr/LoxP","Boutons","1a","4",5,"19",2,NA,NA
"56","WT-cr/LoxP","Boutons","1b","4",5,"18",2,NA,NA
"57","WT-cr/LoxP","Boutons","2a","4",5,"18",2,NA,NA
"58","WT-cr/LoxP","Boutons","2b","4",5,"26",2,NA,NA
"59","WT-cr/LoxP","Boutons","3a","4",5,"42",2,NA,NA
"60","WT-cr/LoxP","Boutons","3b","4",5,"11",2,NA,NA
"61","WT-cr/LoxP","Boutons","4a","4",5,"32",2,NA,NA
"62","WT-cr/LoxP","Boutons","4b","4",5,"37",2,NA,NA
"63","WT-cr/LoxP","Boutons","5a","4",5,"37",2,NA,NA
"64","WT-cr/LoxP","Boutons","5b","4",5,"37",2,NA,NA
"65","WT-cr/LoxP","Boutons","6a","4",5,"40",2,NA,NA
"66","WT-cr/LoxP","Boutons","6b","4",5,"26",2,NA,NA
"67","WT-cr/LoxP","Boutons","1a","4",6,"20",1,NA,NA
"68","WT-cr/LoxP","Boutons","1b","4",6,"20",1,NA,NA
"69","WT-cr/LoxP","Boutons","2a","4",6,"26",1,NA,NA
"70","WT-cr/LoxP","Boutons","2b","4",6,"29",1,NA,NA
"71","WT-cr/LoxP","Boutons","3a","4",6,"34",1,NA,NA
"72","WT-cr/LoxP","Boutons","3b","4",6,"31",1,NA,NA
"73","WT-cr/LoxP","Boutons","4a","4",6,"20",1,NA,NA
"74","WT-cr/LoxP","Boutons","4b","4",6,"27",1,NA,NA
"75","WT-cr/LoxP","Boutons","5a","4",6,"20",1,NA,NA
"76","WT-cr/LoxP","Boutons","5b","4",6,"22",1,NA,NA
"77","WT-cr/LoxP","Boutons","6a","4",6,"24",1,NA,NA
"78","WT-cr/LoxP","Boutons","6b","4",6,"12",1,NA,NA
"79","WT-cr/LoxP","Boutons","1a","4",6,"21",2,NA,NA
"80","WT-cr/LoxP","Boutons","1b","4",6,"15",2,NA,NA
"81","WT-cr/LoxP","Boutons","2a","4",6,"32",2,NA,NA
"82","WT-cr/LoxP","Boutons","2b","4",6,"25",2,NA,NA
"83","WT-cr/LoxP","Boutons","3a","4",6,"25",2,NA,NA
"84","WT-cr/LoxP","Boutons","3b","4",6,"25",2,NA,NA
"85","WT-cr/LoxP","Boutons","4a","4",6,"14",2,NA,NA
"86","WT-cr/LoxP","Boutons","4b","4",6,"35",2,NA,NA
"87","WT-cr/LoxP","Boutons","5a","4",6,"4",2,NA,NA
"88","WT-cr/LoxP","Boutons","5b","4",6,"19",2,NA,NA
"89","WT-cr/LoxP","Boutons","6a","4",6,"30",2,NA,NA
"90","WT-cr/LoxP","Boutons","1a","6-7",3,"42",1,NA,NA
"91","WT-cr/LoxP","Boutons","2a","6-7",3,"51",1,NA,NA
"92","WT-cr/LoxP","Boutons","2b","6-7",3,"37",1,NA,NA
"93","WT-cr/LoxP","Boutons","3a","6-7",3,"30",1,NA,NA
"94","WT-cr/LoxP","Boutons","3b","6-7",3,"49",1,NA,NA
"95","WT-cr/LoxP","Boutons","4b","6-7",3,"72",1,NA,NA
"96","WT-cr/LoxP","Boutons","5a","6-7",3,"58",1,NA,NA
"97","WT-cr/LoxP","Boutons","5b","6-7",3,"49",1,NA,NA
"98","WT-cr/LoxP","Boutons","6a","6-7",3,"34",1,NA,NA
"99","WT-cr/LoxP","Boutons","1a","6-7",3,"29",2,NA,NA
"100","WT-cr/LoxP","Boutons","2a","6-7",3,"30",2,NA,NA
"101","WT-cr/LoxP","Boutons","2b","6-7",3,"41",2,NA,NA
"102","WT-cr/LoxP","Boutons","3a","6-7",3,"87",2,NA,NA
"103","WT-cr/LoxP","Boutons","3b","6-7",3,"91",2,NA,NA
"104","WT-cr/LoxP","Boutons","4a","6-7",3,"59",2,NA,NA
"105","WT-cr/LoxP","Boutons","4b","6-7",3,"32",2,NA,NA
"106","WT-cr/LoxP","Boutons","5a","6-7",3,"71",2,NA,NA
"107","WT-cr/LoxP","Boutons","5b","6-7",3,"56",2,NA,NA
"108","WT-cr/LoxP","Boutons","6a","6-7",3,"48",2,NA,NA
"109","WT-cr/LoxP","Boutons","1a","6-7",4,"42",1,NA,NA
"110","WT-cr/LoxP","Boutons","1b","6-7",4,"43",1,NA,NA
"111","WT-cr/LoxP","Boutons","2a","6-7",4,"55",1,NA,NA
"112","WT-cr/LoxP","Boutons","2b","6-7",4,"59",1,NA,NA
"113","WT-cr/LoxP","Boutons","3a","6-7",4,"35",1,NA,NA
"114","WT-cr/LoxP","Boutons","3b","6-7",4,"55",1,NA,NA
"115","WT-cr/LoxP","Boutons","4a","6-7",4,"44",1,NA,NA
"116","WT-cr/LoxP","Boutons","4b","6-7",4,"47",1,NA,NA
"117","WT-cr/LoxP","Boutons","5a","6-7",4,"37",1,NA,NA
"118","WT-cr/LoxP","Boutons","5b","6-7",4,"35",1,NA,NA
"119","WT-cr/LoxP","Boutons","6a","6-7",4,"30",1,NA,NA
"120","WT-cr/LoxP","Boutons","6b","6-7",4,"37",1,NA,NA
"121","WT-cr/LoxP","Boutons","1a","6-7",4,"52",2,NA,NA
"122","WT-cr/LoxP","Boutons","1b","6-7",4,"31",2,NA,NA
"123","WT-cr/LoxP","Boutons","2a","6-7",4,"16",2,NA,NA
"124","WT-cr/LoxP","Boutons","2b","6-7",4,"36",2,NA,NA
"125","WT-cr/LoxP","Boutons","3a","6-7",4,"34",2,NA,NA
"126","WT-cr/LoxP","Boutons","3b","6-7",4,"44",2,NA,NA
"127","WT-cr/LoxP","Boutons","4a","6-7",4,"14",2,NA,NA
"128","WT-cr/LoxP","Boutons","4b","6-7",4,"41",2,NA,NA
"129","WT-cr/LoxP","Boutons","5a","6-7",4,"38",2,NA,NA
"130","WT-cr/LoxP","Boutons","5b","6-7",4,"45",2,NA,NA
"131","WT-cr/LoxP","Boutons","6a","6-7",4,"51",2,NA,NA
"132","WT-cr/LoxP","Boutons","1a","6-7",5,"30",1,NA,NA
"133","WT-cr/LoxP","Boutons","1b","6-7",5,"32",1,NA,NA
"134","WT-cr/LoxP","Boutons","2a","6-7",5,"28",1,NA,NA
"135","WT-cr/LoxP","Boutons","2b","6-7",5,"28",1,NA,NA
"136","WT-cr/LoxP","Boutons","3a","6-7",5,"57",1,NA,NA
"137","WT-cr/LoxP","Boutons","3b","6-7",5,"71",1,NA,NA
"138","WT-cr/LoxP","Boutons","4a","6-7",5,"47",1,NA,NA
"139","WT-cr/LoxP","Boutons","4b","6-7",5,"43",1,NA,NA
"140","WT-cr/LoxP","Boutons","5a","6-7",5,"33",1,NA,NA
"141","WT-cr/LoxP","Boutons","5b","6-7",5,"32",1,NA,NA
"142","WT-cr/LoxP","Boutons","6a","6-7",5,"23",1,NA,NA
"143","WT-cr/LoxP","Boutons","6b","6-7",5,"39",1,NA,NA
"144","WT-cr/LoxP","Boutons","1a","6-7",5,"19",2,NA,NA
"145","WT-cr/LoxP","Boutons","1b","6-7",5,"17",2,NA,NA
"146","WT-cr/LoxP","Boutons","2a","6-7",5,"27",2,NA,NA
"147","WT-cr/LoxP","Boutons","2b","6-7",5,"23",2,NA,NA
"148","WT-cr/LoxP","Boutons","3a","6-7",5,"40",2,NA,NA
"149","WT-cr/LoxP","Boutons","3b","6-7",5,"28",2,NA,NA
"150","WT-cr/LoxP","Boutons","4a","6-7",5,"35",2,NA,NA
"151","WT-cr/LoxP","Boutons","4b","6-7",5,"46",2,NA,NA
"152","WT-cr/LoxP","Boutons","5a","6-7",5,"29",2,NA,NA
"153","WT-cr/LoxP","Boutons","5b","6-7",5,"28",2,NA,NA
"154","WT-cr/LoxP","Boutons","6a","6-7",5,"38",2,NA,NA
"155","WT-cr/LoxP","Boutons","6b","6-7",5,"47",2,NA,NA
"156","WT-cr/LoxP","Boutons","1a","6-7",6,"22",1,NA,NA
"157","WT-cr/LoxP","Boutons","1b","6-7",6,"22",1,NA,NA
"158","WT-cr/LoxP","Boutons","2a","6-7",6,"32",1,NA,NA
"159","WT-cr/LoxP","Boutons","2b","6-7",6,"26",1,NA,NA
"160","WT-cr/LoxP","Boutons","3a","6-7",6,"32",1,NA,NA
"161","WT-cr/LoxP","Boutons","3b","6-7",6,"21",1,NA,NA
"162","WT-cr/LoxP","Boutons","4a","6-7",6,"20",1,NA,NA
"163","WT-cr/LoxP","Boutons","4b","6-7",6,"32",1,NA,NA
"164","WT-cr/LoxP","Boutons","5a","6-7",6,"13",1,NA,NA
"165","WT-cr/LoxP","Boutons","5b","6-7",6,"20",1,NA,NA
"166","WT-cr/LoxP","Boutons","6a","6-7",6,"12",1,NA,NA
"167","WT-cr/LoxP","Boutons","6b","6-7",6,"18",1,NA,NA
"168","WT-cr/LoxP","Boutons","1a","6-7",6,"18",2,NA,NA
"169","WT-cr/LoxP","Boutons","1b","6-7",6,"42",2,NA,NA
"170","WT-cr/LoxP","Boutons","2a","6-7",6,"22",2,NA,NA
"171","WT-cr/LoxP","Boutons","2b","6-7",6,"22",2,NA,NA
"172","WT-cr/LoxP","Boutons","3a","6-7",6,"29",2,NA,NA
"173","WT-cr/LoxP","Boutons","3b","6-7",6,"26",2,NA,NA
"174","WT-cr/LoxP","Boutons","4a","6-7",6,"22",2,NA,NA
"175","WT-cr/LoxP","Boutons","4b","6-7",6,"43",2,NA,NA
"176","WT-cr/LoxP","Boutons","5a","6-7",6,"14",2,NA,NA
"177","WT-cr/LoxP","Boutons","5b","6-7",6,"31",2,NA,NA
"178","WT-cr/LoxP","Boutons","6a","6-7",6,"24",2,NA,NA
"179","G85R","Boutons","1a","4",3,"19",1,NA,NA
"180","G85R","Boutons","2a","4",3,"20",1,NA,NA
"181","G85R","Boutons","3a","4",3,"9",1,NA,NA
"182","G85R","Boutons","3b","4",3,"21",1,NA,NA
"183","G85R","Boutons","4b","4",3,"10",1,NA,NA
"184","G85R","Boutons","4a","4",3,"20",1,NA,NA
"185","G85R","Boutons","4b","4",3,"21",2,NA,NA
"186","G85R","Boutons","5a","4",3,"20",2,NA,NA
"187","G85R","Boutons","5b","4",3,"22",2,NA,NA
"188","G85R","Boutons","1a","4",3,"10",1,NA,NA
"189","G85R","Boutons","2a","4",3,"19",1,NA,NA
"190","G85R","Boutons","2b","4",3,"24",1,NA,NA
"191","G85R","Boutons","3a","4",3,"16",1,NA,NA
"192","G85R","Boutons","1a","4",4,"18",1,NA,NA
"193","G85R","Boutons","1b","4",4,"34",1,NA,NA
"194","G85R","Boutons","2a","4",4,"24",1,NA,NA
"195","G85R","Boutons","2b","4",4,"23",1,NA,NA
"196","G85R","Boutons","3a","4",4,"27",1,NA,NA
"197","G85R","Boutons","3b","4",4,"22",1,NA,NA
"198","G85R","Boutons","4a","4",4,"24",1,NA,NA
"199","G85R","Boutons","4b","4",4,"15",1,NA,NA
"200","G85R","Boutons","1a","4",4,"29",2,NA,NA
"201","G85R","Boutons","1b","4",4,"19",2,NA,NA
"202","G85R","Boutons","2a","4",4,"29",2,NA,NA
"203","G85R","Boutons","2b","4",4,"20",2,NA,NA
"204","G85R","Boutons","3a","4",4,"26",2,NA,NA
"205","G85R","Boutons","3b","4",4,"22",2,NA,NA
"206","G85R","Boutons","4a","4",4,"24",2,NA,NA
"207","G85R","Boutons","4b","4",4,"19",2,NA,NA
"208","G85R","Boutons","5a","4",4,"11",2,NA,NA
"209","G85R","Boutons","1a","4",5,"20",1,NA,NA
"210","G85R","Boutons","1b","4",5,"23",1,NA,NA
"211","G85R","Boutons","2a","4",5,"19",1,NA,NA
"212","G85R","Boutons","2b","4",5,"16",1,NA,NA
"213","G85R","Boutons","3a","4",5,"21",1,NA,NA
"214","G85R","Boutons","3b","4",5,"20",1,NA,NA
"215","G85R","Boutons","4a","4",5,"21",1,NA,NA
"216","G85R","Boutons","4b","4",5,"28",1,NA,NA
"217","G85R","Boutons","1a","4",5,"17",2,NA,NA
"218","G85R","Boutons","1b","4",5,"21",2,NA,NA
"219","G85R","Boutons","2a","4",5,"15",2,NA,NA
"220","G85R","Boutons","2b","4",5,"16",2,NA,NA
"221","G85R","Boutons","3a","4",5,"16",2,NA,NA
"222","G85R","Boutons","3b","4",5,"16",2,NA,NA
"223","G85R","Boutons","4a","4",5,"29",2,NA,NA
"224","G85R","Boutons","4b","4",5,"18",2,NA,NA
"225","G85R","Boutons","1a","4",6,"21",1,NA,NA
"226","G85R","Boutons","1b","4",6,"20",1,NA,NA
"227","G85R","Boutons","2a","4",6,"9",1,NA,NA
"228","G85R","Boutons","2b","4",6,"19",1,NA,NA
"229","G85R","Boutons","3a","4",6,"20",1,NA,NA
"230","G85R","Boutons","3b","4",6,"21",1,NA,NA
"231","G85R","Boutons","4a","4",6,"15",1,NA,NA
"232","G85R","Boutons","4b","4",6,"8",1,NA,NA
"233","G85R","Boutons","1a","4",6,"19",2,NA,NA
"234","G85R","Boutons","1b","4",6,"9",2,NA,NA
"235","G85R","Boutons","2a","4",6,"15",2,NA,NA
"236","G85R","Boutons","2b","4",6,"8",2,NA,NA
"237","G85R","Boutons","3a","4",6,"10",2,NA,NA
"238","G85R","Boutons","3b","4",6,"19",2,NA,NA
"239","G85R","Boutons","4a","4",6,"20",2,NA,NA
"240","G85R","Boutons","1a","6-7",3,"33",1,NA,NA
"241","G85R","Boutons","2a","6-7",3,"48",1,NA,NA
"242","G85R","Boutons","2b","6-7",3,"35",1,NA,NA
"243","G85R","Boutons","3a","6-7",3,"43",1,NA,NA
"244","G85R","Boutons","3b","6-7",3,"44",1,NA,NA
"245","G85R","Boutons","4a","6-7",3,"59",1,NA,NA
"246","G85R","Boutons","1a","6-7",3,"48",2,NA,NA
"247","G85R","Boutons","2b","6-7",3,"32",2,NA,NA
"248","G85R","Boutons","2a","6-7",3,"25",2,NA,NA
"249","G85R","Boutons","3a","6-7",3,"98",2,NA,NA
"250","G85R","Boutons","3b","6-7",3,"94",2,NA,NA
"251","G85R","Boutons","4a","6-7",3,"40",2,NA,NA
"252","G85R","Boutons","4b","6-7",3,"60",2,NA,NA
"253","G85R","Boutons","5a","6-7",3,"62",2,NA,NA
"254","G85R","Boutons","5b","6-7",3,"59",2,NA,NA
"255","G85R","Boutons","1a","6-7",4,"44",1,NA,NA
"256","G85R","Boutons","1b","6-7",4,"42",1,NA,NA
"257","G85R","Boutons","2a","6-7",4,"34",1,NA,NA
"258","G85R","Boutons","2b","6-7",4,"42",1,NA,NA
"259","G85R","Boutons","3a","6-7",4,"26",1,NA,NA
"260","G85R","Boutons","3b","6-7",4,"34",1,NA,NA
"261","G85R","Boutons","4a","6-7",4,"24",1,NA,NA
"262","G85R","Boutons","4b","6-7",4,"41",1,NA,NA
"263","G85R","Boutons","1a","6-7",4,"44",2,NA,NA
"264","G85R","Boutons","1b","6-7",4,"48",2,NA,NA
"265","G85R","Boutons","2a","6-7",4,"41",2,NA,NA
"266","G85R","Boutons","2b","6-7",4,"31",2,NA,NA
"267","G85R","Boutons","3a","6-7",4,"43",2,NA,NA
"268","G85R","Boutons","3b","6-7",4,"20",2,NA,NA
"269","G85R","Boutons","4a","6-7",4,"31",2,NA,NA
"270","G85R","Boutons","4b","6-7",4,"28",2,NA,NA
"271","G85R","Boutons","5a","6-7",4,"22",2,NA,NA
"272","G85R","Boutons","5b","6-7",4,"50",2,NA,NA
"273","G85R","Boutons","1a","6-7",5,"25",1,NA,NA
"274","G85R","Boutons","1b","6-7",5,"25",1,NA,NA
"275","G85R","Boutons","2a","6-7",5,"27",1,NA,NA
"276","G85R","Boutons","2b","6-7",5,"33",1,NA,NA
"277","G85R","Boutons","3a","6-7",5,"35",1,NA,NA
"278","G85R","Boutons","3b","6-7",5,"15",1,NA,NA
"279","G85R","Boutons","4a","6-7",5,"43",1,NA,NA
"280","G85R","Boutons","4b","6-7",5,"24",1,NA,NA
"281","G85R","Boutons","1a","6-7",5,"31",2,NA,NA
"282","G85R","Boutons","1b","6-7",5,"19",2,NA,NA
"283","G85R","Boutons","2a","6-7",5,"21",2,NA,NA
"284","G85R","Boutons","2b","6-7",5,"23",2,NA,NA
"285","G85R","Boutons","3a","6-7",5,"21",2,NA,NA
"286","G85R","Boutons","3b","6-7",5,"20",2,NA,NA
"287","G85R","Boutons","4a","6-7",5,"25",2,NA,NA
"288","G85R","Boutons","4b","6-7",5,"26",2,NA,NA
"289","G85R","Boutons","5a","6-7",5,"24",2,NA,NA
"290","G85R","Boutons","1a","6-7",6,"16",1,NA,NA
"291","G85R","Boutons","1b","6-7",6,"22",1,NA,NA
"292","G85R","Boutons","2a","6-7",6,"30",1,NA,NA
"293","G85R","Boutons","2b","6-7",6,"17",1,NA,NA
"294","G85R","Boutons","3a","6-7",6,"15",1,NA,NA
"295","G85R","Boutons","3b","6-7",6,"22",1,NA,NA
"296","G85R","Boutons","4a","6-7",6,"21",1,NA,NA
"297","G85R","Boutons","4b","6-7",6,"39",1,NA,NA
"298","G85R","Boutons","1a","6-7",6,"25",2,NA,NA
"299","G85R","Boutons","1b","6-7",6,"27",2,NA,NA
"300","G85R","Boutons","2a","6-7",6,"19",2,NA,NA
"301","G85R","Boutons","2b","6-7",6,"18",2,NA,NA
"302","G85R","Boutons","3a","6-7",6,"17",2,NA,NA
"303","G85R","Boutons","3b","6-7",6,"27",2,NA,NA
"304","G85R","Boutons","4a","6-7",6,"26",2,NA,NA
"305","G85R","Boutons","4b","6-7",6,"2",2,NA,NA
"306","OK371 > gbb [WT]","Boutons","4b","4",3,"29",1,NA,NA
"307","OK371 > gbb [WT]","Boutons","4a","4",3,"32",1,NA,NA
"308","OK371 > gbb [WT]","Boutons","3a","4",3,"34",1,NA,NA
"309","OK371 > gbb [WT]","Boutons","1a","4",3,"30",1,NA,NA
"310","OK371 > gbb [WT]","Boutons","2b","4",3,"24",1,NA,NA
"311","OK371 > gbb [WT]","Boutons","4a","4",3,"16",2,NA,NA
"312","OK371 > gbb [WT]","Boutons","3b","4",3,"40",2,NA,NA
"313","OK371 > gbb [WT]","Boutons","3a","4",3,"20",2,NA,NA
"314","OK371 > gbb [WT]","Boutons","2b","4",3,"32",2,NA,NA
"315","OK371 > gbb [WT]","Boutons","2a","4",3,"18",2,NA,NA
"316","OK371 > gbb [WT]","Boutons","1b","4",3,"19",2,NA,NA
"317","OK371 > gbb [WT]","Boutons","1a","4",3,"22",2,NA,NA
"318","OK371 > gbb [WT]","Boutons","1a","6-7",3,"63",1,NA,NA
"319","OK371 > gbb [WT]","Boutons","2a","6-7",3,"36",1,NA,NA
"320","OK371 > gbb [WT]","Boutons","2b","6-7",3,"35",1,NA,NA
"321","OK371 > gbb [WT]","Boutons","3a","6-7",3,"76",1,NA,NA
"322","OK371 > gbb [WT]","Boutons","4a","6-7",3,"42",1,NA,NA
"323","OK371 > gbb [WT]","Boutons","4b","6-7",3,"46",1,NA,NA
"324","OK371 > gbb [WT]","Boutons","1a","6-7",3,"66",2,NA,NA
"325","OK371 > gbb [WT]","Boutons","2a","6-7",3,"25",2,NA,NA
"326","OK371 > gbb [WT]","Boutons","2b","6-7",3,"46",2,NA,NA
"327","OK371 > gbb [WT]","Boutons","3a","6-7",3,"47",2,NA,NA
"328","OK371 > gbb [WT]","Boutons","3b","6-7",3,"26",2,NA,NA
"329","OK371 > gbb [WT]","Boutons","4a","6-7",3,"40",2,NA,NA
"330","OK371 > gbb [G85R]","Boutons","8b","4",3,"30",1,NA,NA
"331","OK371 > gbb [G85R]","Boutons","2b","4",3,"26",1,NA,NA
"332","OK371 > gbb [G85R]","Boutons","4a","4",3,"27",1,NA,NA
"333","OK371 > gbb [G85R]","Boutons","4b","4",3,"19",1,NA,NA
"334","OK371 > gbb [G85R]","Boutons","1a","4",3,"44",1,NA,NA
"335","OK371 > gbb [G85R]","Boutons","3b","4",3,"27",1,NA,NA
"336","OK371 > gbb [G85R]","Boutons","3a","4",3,"33",1,NA,NA
"337","OK371 > gbb [G85R]","Boutons","7b","4",3,"15",1,NA,NA
"338","OK371 > gbb [G85R]","Boutons","7a","4",3,"25",1,NA,NA
"339","OK371 > gbb [G85R]","Boutons","2a","4",3,"21",1,NA,NA
"340","OK371 > gbb [G85R]","Boutons","5a","4",3,"34",1,NA,NA
"341","OK371 > gbb [G85R]","Boutons","4a","4",3,"23",2,NA,NA
"342","OK371 > gbb [G85R]","Boutons","1a","4",3,"30",2,NA,NA
"343","OK371 > gbb [G85R]","Boutons","1b","4",3,"16",2,NA,NA
"344","OK371 > gbb [G85R]","Boutons","2a","4",3,"29",2,NA,NA
"345","OK371 > gbb [G85R]","Boutons","2b","4",3,"25",2,NA,NA
"346","OK371 > gbb [G85R]","Boutons","3a","4",3,"40",2,NA,NA
"347","OK371 > gbb [G85R]","Boutons","3b","4",3,"5",2,NA,NA
"348","OK371 > gbb [G85R]","Boutons","1a","6-7",3,"49",1,NA,NA
"349","OK371 > gbb [G85R]","Boutons","2b","6-7",3,"49",1,NA,NA
"350","OK371 > gbb [G85R]","Boutons","3a","6-7",3,"33",1,NA,NA
"351","OK371 > gbb [G85R]","Boutons","4b","6-7",3,"27",1,NA,NA
"352","OK371 > gbb [G85R]","Boutons","5a","6-7",3,"40",1,NA,NA
"353","OK371 > gbb [G85R]","Boutons","6a","6-7",3,"46",1,NA,NA
"354","OK371 > gbb [G85R]","Boutons","6b","6-7",3,"54",1,NA,NA
"355","OK371 > gbb [G85R]","Boutons","7a","6-7",3,"26",1,NA,NA
"356","OK371 > gbb [G85R]","Boutons","7b","6-7",3,"41",1,NA,NA
"357","OK371 > gbb [G85R]","Boutons","8a","6-7",3,"57",1,NA,NA
"358","OK371 > gbb [G85R]","Boutons","8b","6-7",3,"39",1,NA,NA
"359","OK371 > gbb [G85R]","Boutons","1a","6-7",3,"50",2,NA,NA
"360","OK371 > gbb [G85R]","Boutons","1b","6-7",3,"40",2,NA,NA
"361","OK371 > gbb [G85R]","Boutons","2a","6-7",3,"42",2,NA,NA
"362","OK371 > gbb [G85R]","Boutons","2b","6-7",3,"35",2,NA,NA
"363","OK371 > gbb [G85R]","Boutons","3a","6-7",3,"31",2,NA,NA
"364","OK371 > gbb [G85R]","Boutons","3b","6-7",3,"40",2,NA,NA
"365","OK371 > gbb [G85R]","Boutons","4a","6-7",3,"30",2,NA,NA
"366","OK371 > saxA [WT]","Boutons","4a","4",3,"26",1,NA,NA
"367","OK371 > saxA [WT]","Boutons","4b","4",3,"18",1,NA,NA
"368","OK371 > saxA [WT]","Boutons","5a","4",3,"50",1,NA,NA
"369","OK371 > saxA [WT]","Boutons","5b","4",3,"27",1,NA,NA
"370","OK371 > saxA [WT]","Boutons","6b","4",3,"27",1,NA,NA
"371","OK371 > saxA [WT]","Boutons","6a","4",3,"20",1,NA,NA
"372","OK371 > saxA [WT]","Boutons","1a","4",3,"46",1,NA,NA
"373","OK371 > saxA [WT]","Boutons","1b","4",3,"28",1,NA,NA
"374","OK371 > saxA [WT]","Boutons","2a","4",3,"44",1,NA,NA
"375","OK371 > saxA [WT]","Boutons","3b","4",3,"43",1,NA,NA
"376","OK371 > saxA [WT]","Boutons","1a","6-7",3,"68",1,NA,NA
"377","OK371 > saxA [WT]","Boutons","1b","6-7",3,"56",1,NA,NA
"378","OK371 > saxA [WT]","Boutons","2a","6-7",3,"65",1,NA,NA
"379","OK371 > saxA [WT]","Boutons","3a","6-7",3,"68",1,NA,NA
"380","OK371 > saxA [WT]","Boutons","3b","6-7",3,"80",1,NA,NA
"381","OK371 > saxA [WT]","Boutons","4a","6-7",3,"59",1,NA,NA
"382","OK371 > saxA [WT]","Boutons","4b","6-7",3,"29",1,NA,NA
"383","OK371 > saxA [WT]","Boutons","5a","6-7",3,"34",1,NA,NA
"384","OK371 > saxA [WT]","Boutons","5b","6-7",3,"53",1,NA,NA
"385","OK371 > saxA [WT]","Boutons","6a","6-7",3,"38",1,NA,NA
"386","OK371 > saxA [WT]","Boutons","6b","6-7",3,"23",1,NA,NA
"387","OK371 > saxA [G85R]","Boutons","6a","4",3,"6",1,NA,NA
"388","OK371 > saxA [G85R]","Boutons","5b","4",3,"38",1,NA,NA
"389","OK371 > saxA [G85R]","Boutons","6b","4",3,"30",1,NA,NA
"390","OK371 > saxA [G85R]","Boutons","1b","4",3,"22",1,NA,NA
"391","OK371 > saxA [G85R]","Boutons","4b","4",3,"42",1,NA,NA
"392","OK371 > saxA [G85R]","Boutons","3b","4",3,"30",1,NA,NA
"393","OK371 > saxA [G85R]","Boutons","4a","4",3,"35",1,NA,NA
"394","OK371 > saxA [G85R]","Boutons","1a","4",3,"30",1,NA,NA
"395","OK371 > saxA [G85R]","Boutons","1b","6-7",3,"36",1,NA,NA
"396","OK371 > saxA [G85R]","Boutons","2a","6-7",3,"55",1,NA,NA
"397","OK371 > saxA [G85R]","Boutons","2b","6-7",3,"43",1,NA,NA
"398","OK371 > saxA [G85R]","Boutons","3a","6-7",3,"60",1,NA,NA
"399","OK371 > saxA [G85R]","Boutons","3b","6-7",3,"48",1,NA,NA
"400","OK371 > saxA [G85R]","Boutons","4a","6-7",3,"54",1,NA,NA
"401","OK371 > saxA [G85R]","Boutons","4b","6-7",3,"26",1,NA,NA
"402","OK371 > saxA [G85R]","Boutons","5a","6-7",3,"81",1,NA,NA
"403","OK371 > saxA [G85R]","Boutons","5b","6-7",3,"60",1,NA,NA
"404","OK371 > saxA [G85R]","Boutons","6a","6-7",3,"33",1,NA,NA
"405","OK371 > saxA [G85R]","Boutons","6b","6-7",3,"37",1,NA,NA
"406","WT-cr/LoxP","VNC","1","",NA,"",1,550795.504,547172.8649
"407","WT-cr/LoxP","VNC","2","",NA,"",1,337400.333,334035.5309
"408","WT-cr/LoxP","VNC","4","",NA,"",1,869215.897,865385.4168
"409","WT-cr/LoxP","VNC","5","",NA,"",1,686063.662,682844.9274
"410","WT-cr/LoxP","VNC","1","",NA,"",2,958742.03,954318.5682
"411","WT-cr/LoxP","VNC","2","",NA,"",2,1464455.931,1458040.398
"412","WT-cr/LoxP","VNC","3","",NA,"",2,726097.208,719920.5628
"413","WT-cr/LoxP","VNC","4","",NA,"",2,902171.184,886012.9553
"414","WT-cr/LoxP","VNC","6","",NA,"",2,625427.434,613636.2143
"415","G85Rcr/G85Rhr","VNC","1","",NA,"",1,559489.253,555885.8237
"416","G85Rcr/G85Rhr","VNC","2","",NA,"",1,409810.634,405365.6089
"417","G85Rcr/G85Rhr","VNC","3","",NA,"",1,456122.668,450892.5332
"418","G85Rcr/G85Rhr","VNC","1","",NA,"",2,559346.538,579276.4
"419","G85Rcr/G85Rhr","VNC","3","",NA,"",2,443565.005,459369.5
"420","G85Rcr/G85Rhr","VNC","4","",NA,"",2,342679.807,354889.7
"421","G85Rcr/G85Rhr","VNC","5","",NA,"",2,433817.997,449275.2
"422","OK371>gbb [WT]","VNC","1","",NA,"",1,733309.625,730157.5168
"423","OK371>gbb [WT]","VNC","2","",NA,"",1,661033.083,654408.5532
"424","OK371>gbb [WT]","VNC","3","",NA,"",1,578544.213,571621.0721
"425","OK371>gbb [WT]","VNC","1","",NA,"",2,608196.58,629867
"426","OK371>gbb [WT]","VNC","2","",NA,"",2,483133.167,500347.5
"427","OK371>gbb [WT]","VNC","3","",NA,"",2,535768.343,554858.1
"428","OK371>gbb [WT]","VNC","4","",NA,"",2,370756.034,383966.3
"429","OK371>gbb [G85R]","VNC","1","",NA,"",1,783436.378,773783.41
"430","OK371>gbb [G85R]","VNC","2","",NA,"",1,873479.487,856861.9533
"431","OK371>gbb [G85R]","VNC","3","",NA,"",1,1271160.951,1261078.029
"432","OK371>gbb [G85R]","VNC","4","",NA,"",1,724504.362,709183.7649
"433","OK371>gbb [G85R]","VNC","5","",NA,"",1,468309.445,453021.0917
"434","OK371>gbb [G85R]","VNC","6","",NA,"",1,793555.816,775341.6911
"435","OK371>gbb [G85R]","VNC","7","",NA,"",1,921596.836,914294.4444
"436","OK371>gbb [G85R]","VNC","1","",NA,"",2,581769.88,602498.7
"437","OK371>gbb [G85R]","VNC","2","",NA,"",2,518605.95,537084.2
"438","OK371>gbb [G85R]","VNC","4","",NA,"",2,326176.336,337798.2
"439","OK371>gbb [G85R]","VNC","5","",NA,"",2,227153.578,235247.2
"440","OK371> saxA [WT-cr/LoxP]","VNC","1","",NA,"",1,862679.111,843048.9726
"441","OK371> saxA [WT-cr/LoxP]","VNC","2","",NA,"",1,747407.895,722729.0586
"442","OK371> saxA [WT-cr/LoxP]","VNC","3","",NA,"",1,912760.963,865719.6282
"443","OK371> saxA [WT-cr/LoxP]","VNC","4","",NA,"",1,559072.791,526027.4564
"444","OK371> saxA [WT-cr/LoxP]","VNC","5","",NA,"",1,675415.817,669853.6713
"445","OK371> saxA [WT-cr/LoxP]","VNC","7","",NA,"",1,877642.168,863245.7597
"446","OK371> saxA [WT-cr/LoxP]","VNC","8","",NA,"",1,1351269.243,1332432.197
"447","OK371>saxA G85R","VNC","1","",NA,"",1,873468.769,863046.3345
"448","OK371>saxA G85R","VNC","2","",NA,"",1,1469279.948,1441600.813
"449","OK371>saxA G85R","VNC","3","",NA,"",1,951337.169,896372.7628
"450","OK371>saxA G85R","VNC","5","",NA,"",1,435155.829,425608.491
"451","OK371>saxA G85R","VNC","6","",NA,"",1,1232063.709,1222933.94
"452","WT-cr/LoxP","NMJ","1a","4",3,"",1,961240.025,830971.4828
"453","WT-cr/LoxP","NMJ","2a","4",3,"",1,482506.399,387739.3051
"454","WT-cr/LoxP","NMJ","2b","4",3,"",1,429755.062,350005.825
"455","WT-cr/LoxP","NMJ","3a","4",3,"",1,196481.638,121676.2728
"456","WT-cr/LoxP","NMJ","3b","4",3,"",1,391449.512,353682.5989
"457","WT-cr/LoxP","NMJ","4a","4",3,"",1,316639.924,275635.9738
"458","WT-cr/LoxP","NMJ","4b","4",3,"",1,516888.928,459573.6149
"459","WT-cr/LoxP","NMJ","5a","4",3,"",1,336090.585,249956.9536
"460","WT-cr/LoxP","NMJ","5b","4",3,"",1,313563.151,270637.2032
"461","WT-cr/LoxP","NMJ","6a","4",3,"",1,705365.202,593705.4991
"462","WT-cr/LoxP","NMJ","1a","4",3,"",2,2091577.213,1683405.856
"463","WT-cr/LoxP","NMJ","1b","4",3,"",2,1028357.874,853940.7441
"464","WT-cr/LoxP","NMJ","2a","4",3,"",2,1333454.204,1162399.599
"465","WT-cr/LoxP","NMJ","2b","4",3,"",2,856938.164,701359.6289
"466","WT-cr/LoxP","NMJ","3a","4",3,"",2,2828192.65,2163474.224
"467","WT-cr/LoxP","NMJ","4b","4",3,"",2,350126.767,319713.2492
"468","WT-cr/LoxP","NMJ","5a","4",3,"",2,1192897.332,918544.5509
"469","WT-cr/LoxP","NMJ","1a","6-7",3,"",1,971967.981,902141.6825
"470","WT-cr/LoxP","NMJ","2b","6-7",3,"",1,431864.405,373530.7715
"471","WT-cr/LoxP","NMJ","2a","6-7",3,"",1,1034163.129,759069.3856
"472","WT-cr/LoxP","NMJ","3a","6-7",3,"",1,828325.936,714816.0729
"473","WT-cr/LoxP","NMJ","3b","6-7",3,"",1,981242.62,902151.4238
"474","WT-cr/LoxP","NMJ","4b","6-7",3,"",1,1307781.633,1036222.967
"475","WT-cr/LoxP","NMJ","5a","6-7",3,"",1,1222904.749,968752.7108
"476","WT-cr/LoxP","NMJ","5b","6-7",3,"",1,1704318.577,1203608.34
"477","WT-cr/LoxP","NMJ","6a","6-7",3,"",1,969033.73,859433.7479
"478","WT-cr/LoxP","NMJ","1a","6-7",3,"",2,1300203.642,1064972.692
"479","WT-cr/LoxP","NMJ","2a","6-7",3,"",2,1278871.711,1090778.046
"480","WT-cr/LoxP","NMJ","2b","6-7",3,"",2,1250009.587,1064960.028
"481","WT-cr/LoxP","NMJ","3a","6-7",3,"",2,5674660.059,4629211.451
"482","WT-cr/LoxP","NMJ","3b","6-7",3,"",2,4168169.643,2821513.104
"483","WT-cr/LoxP","NMJ","4a","6-7",3,"",2,2381069.233,2022421.255
"484","WT-cr/LoxP","NMJ","4b","6-7",3,"",2,1550903.839,1430269.729
"485","WT-cr/LoxP","NMJ","5a","6-7",3,"",2,2449167.162,2197261.161
"486","WT-cr/LoxP","NMJ","5b","6-7",3,"",2,1839644.144,1634075.839
"487","WT-cr/LoxP","NMJ","6a","6-7",3,"",2,2956608.031,2845049.044
"488","G85Rcr/G85Rhr","NMJ","1a","4",3,"",1,324006.547,300170.0453
"489","G85Rcr/G85Rhr","NMJ","2a","4",3,"",1,362520.086,156762.3612
"490","G85Rcr/G85Rhr","NMJ","2b","4",3,"",1,445013.784,365134.3647
"491","G85Rcr/G85Rhr","NMJ","3a","4",3,"",1,196909.3,171591.7985
"492","G85Rcr/G85Rhr","NMJ","3b","4",3,"",1,214126.346,200463.9067
"493","G85Rcr/G85Rhr","NMJ","4a","4",3,"",1,200886.973,186892.2979
"494","G85Rcr/G85Rhr","NMJ","4b","4",3,"",1,224015.876,210986.1431
"495","G85Rcr/G85Rhr","NMJ","1a","4",3,"",2,1074115.309,858196.2051
"496","G85Rcr/G85Rhr","NMJ","2a","4",3,"",2,1929940.045,1842431.793
"497","G85Rcr/G85Rhr","NMJ","2b","4",3,"",2,1270336.622,1103078.463
"498","G85Rcr/G85Rhr","NMJ","3a","4",3,"",2,920009.108,818357.9852
"499","G85Rcr/G85Rhr","NMJ","4b","4",3,"",2,1653387.676,1464286.319
"500","G85Rcr/G85Rhr","NMJ","5a","4",3,"",2,1607192.345,1544855.4
"501","G85Rcr/G85Rhr","NMJ","5b","4",3,"",2,1400372.658,1312553.977
"502","G85Rcr/G85Rhr","NMJ","1a","6-7",3,"",1,449603.838,394489.1191
"503","G85Rcr/G85Rhr","NMJ","2a","6-7",3,"",1,731002.239,617399.9831
"504","G85Rcr/G85Rhr","NMJ","2b","6-7",3,"",1,243372.681,178306.0731
"505","G85Rcr/G85Rhr","NMJ","3a","6-7",3,"",1,537743.758,472007.1998
"506","G85Rcr/G85Rhr","NMJ","3b","6-7",3,"",1,491013.68,444242.5705
"507","G85Rcr/G85Rhr","NMJ","4a","6-7",3,"",1,1014630.682,945512.0599
"508","G85Rcr/G85Rhr","NMJ","1a","6-7",3,"",2,2497476.761,2352859.022
"509","G85Rcr/G85Rhr","NMJ","2a","6-7",3,"",2,1739763.165,1619368.723
"510","G85Rcr/G85Rhr","NMJ","2b","6-7",3,"",2,2491974.703,2003498.868
"511","G85Rcr/G85Rhr","NMJ","3a","6-7",3,"",2,4383597.804,3302482.315
"512","G85Rcr/G85Rhr","NMJ","3b","6-7",3,"",2,4294515.463,3451319.236
"513","G85Rcr/G85Rhr","NMJ","4a","6-7",3,"",2,3654860.562,3016968.648
"514","G85Rcr/G85Rhr","NMJ","4b","6-7",3,"",2,2181974.212,2036533.765
"515","G85Rcr/G85Rhr","NMJ","5a","6-7",3,"",2,2246117.352,2151945.46
"516","G85Rcr/G85Rhr","NMJ","5b","6-7",3,"",2,3422815.568,3230527.421
"517","OK371>gbb [WTcr/LoxP]","NMJ","1a","4",3,"",1,875346.175,816397.5164
"518","OK371>gbb [WTcr/LoxP]","NMJ","2b","4",3,"",1,248491.108,200630.4651
"519","OK371>gbb [WTcr/LoxP]","NMJ","3a","4",3,"",1,806205.018,727503.6245
"520","OK371>gbb [WTcr/LoxP]","NMJ","4a","4",3,"",1,591785.517,539464.9924
"521","OK371>gbb [WTcr/LoxP]","NMJ","4b","4",3,"",1,274367.709,234012.7101
"522","OK371>gbb [WTcr/LoxP]","NMJ","1a","4",3,"",2,684483.047,533946.5178
"523","OK371>gbb [WTcr/LoxP]","NMJ","1b","4",3,"",2,608877.132,545420.7472
"524","OK371>gbb [WTcr/LoxP]","NMJ","2a","4",3,"",2,535623.021,482959.8274
"525","OK371>gbb [WTcr/LoxP]","NMJ","2b","4",3,"",2,1362372.043,1200853.363
"526","OK371>gbb [WTcr/LoxP]","NMJ","3a","4",3,"",2,615869.007,522776.7133
"527","OK371>gbb [WTcr/LoxP]","NMJ","3b","4",3,"",2,1411045.092,1297845.974
"528","OK371>gbb [WTcr/LoxP]","NMJ","4a","4",3,"",2,556947.709,530343.456
"529","OK371>gbb [WTcr/LoxP]","NMJ","1a","6-7",3,"",1,1329137.607,1171695.818
"530","OK371>gbb [WTcr/LoxP]","NMJ","2a","6-7",3,"",1,808024.585,329867.1574
"531","OK371>gbb [WTcr/LoxP]","NMJ","2b","6-7",3,"",1,688183.98,576599.6111
"532","OK371>gbb [WTcr/LoxP]","NMJ","3a","6-7",3,"",1,1385560.813,1148382.165
"533","OK371>gbb [WTcr/LoxP]","NMJ","4a","6-7",3,"",1,905763.584,762617.1644
"534","OK371>gbb [WTcr/LoxP]","NMJ","4b","6-7",3,"",1,464424.952,427233.6258
"535","OK371>gbb [WTcr/LoxP]","NMJ","1a","6-7",3,"",2,2500207.175,1853483.355
"536","OK371>gbb [WTcr/LoxP]","NMJ","2a","6-7",3,"",2,1563839.629,1447815.385
"537","OK371>gbb [WTcr/LoxP]","NMJ","2b","6-7",3,"",2,1159526.553,1086545.066
"538","OK371>gbb [WTcr/LoxP]","NMJ","3a","6-7",3,"",2,1453580.818,863053.7806
"539","OK371>gbb [WTcr/LoxP]","NMJ","3b","6-7",3,"",2,1286075.631,1160972.077
"540","OK371>gbb [WTcr/LoxP]","NMJ","4a","6-7",3,"",2,1226610.897,1065878.099
"541","OK371>gbb [G85cr/G85Rhr]","NMJ","1a","4",3,"",1,698367.244,540684.2117
"542","OK371>gbb [G85cr/G85Rhr]","NMJ","2a","4",3,"",1,529148.029,446394.5937
"543","OK371>gbb [G85cr/G85Rhr]","NMJ","2b","4",3,"",1,829649.67,704763.9279
"544","OK371>gbb [G85cr/G85Rhr]","NMJ","3a","4",3,"",1,742141.153,622819.5247
"545","OK371>gbb [G85cr/G85Rhr]","NMJ","3b","4",3,"",1,1078549.515,901504.5439
"546","OK371>gbb [G85cr/G85Rhr]","NMJ","4a","4",3,"",1,846157.969,752913.6966
"547","OK371>gbb [G85cr/G85Rhr]","NMJ","4b","4",3,"",1,607796.727,543283.2778
"548","OK371>gbb [G85cr/G85Rhr]","NMJ","5a","4",3,"",1,684083.29,618124.1439
"549","OK371>gbb [G85cr/G85Rhr]","NMJ","6a","4",3,"",1,371743.065,202723.629
"550","OK371>gbb [G85cr/G85Rhr]","NMJ","6b","4",3,"",1,749012.425,659951.6903
"551","OK371>gbb [G85cr/G85Rhr]","NMJ","7a","4",3,"",1,658418.734,575224.8461
"552","OK371>gbb [G85cr/G85Rhr]","NMJ","7b","4",3,"",1,414995.263,377185.1966
"553","OK371>gbb [G85cr/G85Rhr]","NMJ","8a","4",3,"",1,458857.427,323185.8979
"554","OK371>gbb [G85cr/G85Rhr]","NMJ","8b","4",3,"",1,298461.049,258352.4764
"555","OK371>gbb [G85cr/G85Rhr]","NMJ","1a","4",3,"",2,646735.804,550882.6307
"556","OK371>gbb [G85cr/G85Rhr]","NMJ","1b","4",3,"",2,364623.345,274419.5281
"557","OK371>gbb [G85cr/G85Rhr]","NMJ","2a","4",3,"",2,676166.857,509210.7721
"558","OK371>gbb [G85cr/G85Rhr]","NMJ","2b","4",3,"",2,1055181.144,944965.5967
"559","OK371>gbb [G85cr/G85Rhr]","NMJ","3a","4",3,"",2,2754031.749,1679990.975
"560","OK371>gbb [G85cr/G85Rhr]","NMJ","3b","4",3,"",2,452783.446,393198.5874
"561","OK371>gbb [G85cr/G85Rhr]","NMJ","4a","4",3,"",2,623242.099,548312.8301
"562","OK371>gbb [G85cr/G85Rhr]","NMJ","1a","6-7",3,"",1,776545.601,433449.7365
"563","OK371>gbb [G85cr/G85Rhr]","NMJ","2a","6-7",3,"",1,908014.29,809018.2222
"564","OK371>gbb [G85cr/G85Rhr]","NMJ","2b","6-7",3,"",1,1484225.818,1347103.561
"565","OK371>gbb [G85cr/G85Rhr]","NMJ","3a","6-7",3,"",1,894934.241,849920.2685
"566","OK371>gbb [G85cr/G85Rhr]","NMJ","4b","6-7",3,"",1,920104.895,871793.2223
"567","OK371>gbb [G85cr/G85Rhr]","NMJ","5a","6-7",3,"",1,1495188.8,1313417.173
"568","OK371>gbb [G85cr/G85Rhr]","NMJ","6a","6-7",3,"",1,977691.257,842957.0838
"569","OK371>gbb [G85cr/G85Rhr]","NMJ","6b","6-7",3,"",1,1103297.431,995173.4396
"570","OK371>gbb [G85cr/G85Rhr]","NMJ","7a","6-7",3,"",1,1039525.852,971950.6358
"571","OK371>gbb [G85cr/G85Rhr]","NMJ","7b","6-7",3,"",1,871896.104,797986.2978
"572","OK371>gbb [G85cr/G85Rhr]","NMJ","8a","6-7",3,"",1,642292.038,554301.5618
"573","OK371>gbb [G85cr/G85Rhr]","NMJ","8b","6-7",3,"",1,642117.072,528791.8039
"574","OK371>gbb [G85cr/G85Rhr]","NMJ","1a","6-7",3,"",2,1432196.456,1353008.673
"575","OK371>gbb [G85cr/G85Rhr]","NMJ","1b","6-7",3,"",2,1142323.025,998301.8445
"576","OK371>gbb [G85cr/G85Rhr]","NMJ","2a","6-7",3,"",2,1940261.968,1499482.668
"577","OK371>gbb [G85cr/G85Rhr]","NMJ","2b","6-7",3,"",2,878679.217,792680.727
"578","OK371>gbb [G85cr/G85Rhr]","NMJ","3a","6-7",3,"",2,2676848.148,2439011.499
"579","OK371>gbb [G85cr/G85Rhr]","NMJ","3b","6-7",3,"",2,1671572.732,1330323.539
"580","OK371>gbb [G85cr/G85Rhr]","NMJ","4a","6-7",3,"",2,1482976.82,1380916.371
"581","OK371>saxA [WTcr/LoxP]","NMJ","1a","4",3,"",1,711129.806,646270.6521
"582","OK371>saxA [WTcr/LoxP]","NMJ","1b","4",3,"",1,532149.292,492957.4477
"583","OK371>saxA [WTcr/LoxP]","NMJ","2a","4",3,"",1,926424.329,730449.9228
"584","OK371>saxA [WTcr/LoxP]","NMJ","3a","4",3,"",1,602797.068,542719.3122
"585","OK371>saxA [WTcr/LoxP]","NMJ","3b","4",3,"",1,617939.243,557881.4355
"586","OK371>saxA [WTcr/LoxP]","NMJ","4a","4",3,"",1,252281.939,232205.9498
"587","OK371>saxA [WTcr/LoxP]","NMJ","4b","4",3,"",1,343549.519,299791.9172
"588","OK371>saxA [WTcr/LoxP]","NMJ","5a","4",3,"",1,1527220.395,1189861.795
"589","OK371>saxA [WTcr/LoxP]","NMJ","5b","4",3,"",1,455995.982,383010.0514
"590","OK371>saxA [WTcr/LoxP]","NMJ","6a","4",3,"",1,752046.711,649468.5072
"591","OK371>saxA [WTcr/LoxP]","NMJ","6b","4",3,"",1,481982.95,384339.9872
"592","OK371>saxA [WTcr/LoxP]","NMJ","1a","6-7",3,"",1,2246034.021,2084594.959
"593","OK371>saxA [WTcr/LoxP]","NMJ","1b","6-7",3,"",1,1124823.157,924283.5023
"594","OK371>saxA [WTcr/LoxP]","NMJ","2a","6-7",3,"",1,1094480.871,982744.3181
"595","OK371>saxA [WTcr/LoxP]","NMJ","3a","6-7",3,"",1,1649939.439,1497164.036
"596","OK371>saxA [WTcr/LoxP]","NMJ","3b","6-7",3,"",1,1001504.284,860448.3423
"597","OK371>saxA [WTcr/LoxP]","NMJ","4a","6-7",3,"",1,1125919.397,995907.6772
"598","OK371>saxA [WTcr/LoxP]","NMJ","4b","6-7",3,"",1,1149488.515,966353.7425
"599","OK371>saxA [WTcr/LoxP]","NMJ","5a","6-7",3,"",1,1454703.033,1177553.519
"600","OK371>saxA [WTcr/LoxP]","NMJ","5b","6-7",3,"",1,1530920.266,1240097.347
"601","OK371>saxA [WTcr/LoxP]","NMJ","6a","6-7",3,"",1,950087.979,775534.0776
"602","OK371>saxA [G85Rcr/G85Rhr]","NMJ","1a","4",3,"",1,847102.225,722378.3691
"603","OK371>saxA [G85Rcr/G85Rhr]","NMJ","1b","4",3,"",1,445439.612,326444.5222
"604","OK371>saxA [G85Rcr/G85Rhr]","NMJ","2a","4",3,"",1,66726.59,55287.61426
"605","OK371>saxA [G85Rcr/G85Rhr]","NMJ","3a","4",3,"",1,925343.442,792248.6799
"606","OK371>saxA [G85Rcr/G85Rhr]","NMJ","3b","4",3,"",1,812376.813,705292.8482
"607","OK371>saxA [G85Rcr/G85Rhr]","NMJ","4a","4",3,"",1,1218120.031,1056447.862
"608","OK371>saxA [G85Rcr/G85Rhr]","NMJ","4b","4",3,"",1,1047201.272,875309.9184
"609","OK371>saxA [G85Rcr/G85Rhr]","NMJ","5a","4",3,"",1,222205.771,206028.2491
"610","OK371>saxA [G85Rcr/G85Rhr]","NMJ","5b","4",3,"",1,998451.072,918017.3825
"611","OK371>saxA [G85Rcr/G85Rhr]","NMJ","6a","4",3,"",1,155085.894,131111.8208
"612","OK371>saxA [G85Rcr/G85Rhr]","NMJ","6b","4",3,"",1,1030610.511,896667.1568
"613","OK371>saxA [G85Rcr/G85Rhr]","NMJ","1b","6-7",3,"",1,824108.119,791310.118
"614","OK371>saxA [G85Rcr/G85Rhr]","NMJ","2a","6-7",3,"",1,784073.575,680790.4063
"615","OK371>saxA [G85Rcr/G85Rhr]","NMJ","2b","6-7",3,"",1,576330.682,438085.7996
"616","OK371>saxA [G85Rcr/G85Rhr]","NMJ","3a","6-7",3,"",1,1904448.524,1659841.409
"617","OK371>saxA [G85Rcr/G85Rhr]","NMJ","3b","6-7",3,"",1,1778610.606,1420698.421
"618","OK371>saxA [G85Rcr/G85Rhr]","NMJ","4a","6-7",3,"",1,1400538.933,1110089.473
"619","OK371>saxA [G85Rcr/G85Rhr]","NMJ","4b","6-7",3,"",1,577028.614,438103.5564
"620","OK371>saxA [G85Rcr/G85Rhr]","NMJ","5a","6-7",3,"",1,2295389.264,2092387.706
"621","OK371>saxA [G85Rcr/G85Rhr]","NMJ","5b","6-7",3,"",1,2283014.388,2088221.597
"622","OK371>saxA [G85Rcr/G85Rhr]","NMJ","6a","6-7",3,"",1,908810.424,723830.4322
"623","OK371>saxA [G85Rcr/G85Rhr]","NMJ","6b","6-7",3,"",1,966781.769,804907.2738
"624","OK371>gbb [WT-cr/LoxP]","Boutons","1a","4",5,"29",1,NA,NA
"625","OK371>gbb [WT-cr/LoxP]","Boutons","1a","6-7",5,"33",1,NA,NA
"626","OK371>gbb [WT-cr/LoxP]","Boutons","1b","6-7",5,"42",1,NA,NA
"627","OK371>gbb [WT-cr/LoxP]","Boutons","1b","4",5,"27",1,NA,NA
"628","OK371>gbb [WT-cr/LoxP]","Boutons","2a","4",5,"40",1,NA,NA
"629","OK371>gbb [WT-cr/LoxP]","Boutons","2a","6-7",5,"28",1,NA,NA
"630","OK371>gbb [WT-cr/LoxP]","Boutons","2b","6-7",5,"31",1,NA,NA
"631","OK371>gbb [WT-cr/LoxP]","Boutons","2b","4",5,"26",1,NA,NA
"632","OK371>gbb [WT-cr/LoxP]","Boutons","3a","6-7",5,"25",1,NA,NA
"633","OK371>gbb [WT-cr/LoxP]","Boutons","3a","4",5,"31",1,NA,NA
"634","OK371>gbb [WT-cr/LoxP]","Boutons","3b","6-7",5,"x",1,NA,NA
"635","OK371>gbb [WT-cr/LoxP]","Boutons","3b","4",5,"x",1,NA,NA
"636","OK371>gbb [WT-cr/LoxP]","Boutons","4a","4",5,"18",1,NA,NA
"637","OK371>gbb [WT-cr/LoxP]","Boutons","4a","6-7",5,"31",1,NA,NA
"638","OK371>gbb [WT-cr/LoxP]","Boutons","4b","6-7",5,"30",1,NA,NA
"639","OK371>gbb [WT-cr/LoxP]","Boutons","4b","4",5,"17",1,NA,NA
"640","OK371>gbb [G85Rcr/G85Rhr]","Boutons","1a","6-7",5,"28",1,NA,NA
"641","OK371>gbb [G85Rcr/G85Rhr]","Boutons","1a","4",5,"39",1,NA,NA
"642","OK371>gbb [G85Rcr/G85Rhr]","Boutons","1b","6-7",5,"26",1,NA,NA
"643","OK371>gbb [G85Rcr/G85Rhr]","Boutons","1b","4",5,"39",1,NA,NA
"644","OK371>gbb [G85Rcr/G85Rhr]","Boutons","2a","6-7",5,"27",1,NA,NA
"645","OK371>gbb [G85Rcr/G85Rhr]","Boutons","2a","4",5,"28",1,NA,NA
"646","OK371>gbb [G85Rcr/G85Rhr]","Boutons","2b","6-7",5,"28",1,NA,NA
"647","OK371>gbb [G85Rcr/G85Rhr]","Boutons","2b","4",5,"28",1,NA,NA
"648","OK371>gbb [G85Rcr/G85Rhr]","Boutons","3a","6-7",5,"26",1,NA,NA
"649","OK371>gbb [G85Rcr/G85Rhr]","Boutons","3a","4",5,"41",1,NA,NA
"650","OK371>gbb [G85Rcr/G85Rhr]","Boutons","3b","6-7",5,"16",1,NA,NA
"651","OK371>gbb [G85Rcr/G85Rhr]","Boutons","3b","4",5,"31",1,NA,NA
"652","OK371>gbb [G85Rcr/G85Rhr]","Boutons","4a","6-7",5,"25",1,NA,NA
"653","OK371>gbb [G85Rcr/G85Rhr]","Boutons","4a","4",5,"27",1,NA,NA
"654","OK371>gbb [G85Rcr/G85Rhr]","Boutons","4b","6-7",5,"15",1,NA,NA
"655","OK371>gbb [G85Rcr/G85Rhr]","Boutons","4b","4",5,"27",1,NA,NA
"656","OK371>gbb [G85Rcr/G85Rhr]","Boutons","5a","6-7",5,"26",1,NA,NA
"657","OK371>gbb [G85Rcr/G85Rhr]","Boutons","5a","4",5,"35",1,NA,NA
"658","OK371>gbb [G85Rcr/G85Rhr]","Boutons","5b","6-7",5,"30",1,NA,NA
"659","OK371>gbb [G85Rcr/G85Rhr]","Boutons","5b","4",5,"30",1,NA,NA
"660","OK371>gbb [G85Rcr/G85Rhr]","Boutons","6a","6-7",5,"23",1,NA,NA
"661","OK371>gbb [G85Rcr/G85Rhr]","Boutons","6a","4",5,"34",1,NA,NA
"662","OK371>gbb [G85Rcr/G85Rhr]","Boutons","6b","6-7",5,"20",1,NA,NA
"663","OK371>gbb [G85Rcr/G85Rhr]","Boutons","6b","4",5,"26",1,NA,NA
"664","OK371>gbb [G85Rcr/G85Rhr]","Boutons","7a","6-7",5,"33",1,NA,NA
"665","OK371>gbb [G85Rcr/G85Rhr]","Boutons","7a","4",5,"28",1,NA,NA
"666","OK371>saxA [WT-cr/LoxP]","Boutons","1a","6-7",5,"18",1,NA,NA
"667","OK371>saxA [WT-cr/LoxP]","Boutons","1a","4",5,"35",1,NA,NA
"668","OK371>saxA [WT-cr/LoxP]","Boutons","1b","6-7",5,"25",1,NA,NA
"669","OK371>saxA [WT-cr/LoxP]","Boutons","1b","4",5,"24",1,NA,NA
"670","OK371>saxA [WT-cr/LoxP]","Boutons","2a","6-7",5,"47",1,NA,NA
"671","OK371>saxA [WT-cr/LoxP]","Boutons","2a","4",5,"27",1,NA,NA
"672","OK371>saxA [WT-cr/LoxP]","Boutons","2b","6-7",5,"32",1,NA,NA
"673","OK371>saxA [WT-cr/LoxP]","Boutons","2b","4",5,"41",1,NA,NA
"674","OK371>saxA [WT-cr/LoxP]","Boutons","3a","6-7",5,"47",1,NA,NA
"675","OK371>saxA [WT-cr/LoxP]","Boutons","3a","4",5,"48",1,NA,NA
"676","OK371>saxA [WT-cr/LoxP]","Boutons","6a","6-7",5,"25",1,NA,NA
"677","OK371>saxA [WT-cr/LoxP]","Boutons","6a","4",5,"17",1,NA,NA
"678","OK371>saxA [WT-cr/LoxP]","Boutons","6b","6-7",5,"28",1,NA,NA
"679","OK371>saxA [WT-cr/LoxP]","Boutons","6b","4",5,"42",1,NA,NA
"680","OK371>saxA [WT-cr/LoxP]","Boutons","7a","6-7",5,"30",1,NA,NA
"681","OK371>saxA [WT-cr/LoxP]","Boutons","7a","4",5,"35",1,NA,NA
"682","OK371>saxA [WT-cr/LoxP]","Boutons","7b","6-7",5,"18",1,NA,NA
"683","OK371>saxA [WT-cr/LoxP]","Boutons","7b","4",5,"42",1,NA,NA
"684","OK371>saxA [G85Rcr/G85Rhr]","Boutons","1b","6-7",5,"30",1,NA,NA
"685","OK371>saxA [G85Rcr/G85Rhr]","Boutons","1b","4",5,"63",1,NA,NA
"686","OK371>saxA [G85Rcr/G85Rhr]","Boutons","2a","6-7",5,"43",1,NA,NA
"687","OK371>saxA [G85Rcr/G85Rhr]","Boutons","2a","4",5,"45",1,NA,NA
"688","OK371>saxA [G85Rcr/G85Rhr]","Boutons","2b","6-7",5,"30",1,NA,NA
"689","OK371>saxA [G85Rcr/G85Rhr]","Boutons","2b","4",5,"59",1,NA,NA
"690","OK371>saxA [G85Rcr/G85Rhr]","Boutons","3a","6-7",5,"38",1,NA,NA
"691","OK371>saxA [G85Rcr/G85Rhr]","Boutons","3a","4",5,"25",1,NA,NA
"692","OK371>saxA [G85Rcr/G85Rhr]","Boutons","3b","6-7",5,"26",1,NA,NA
"693","OK371>saxA [G85Rcr/G85Rhr]","Boutons","3b","4",5,"29",1,NA,NA
"694","OK371>saxA [G85Rcr/G85Rhr]","Boutons","4a","6-7",5,"26",1,NA,NA
"695","OK371>saxA [G85Rcr/G85Rhr]","Boutons","4a","4",5,"33",1,NA,NA
"696","OK371>saxA [G85Rcr/G85Rhr]","Boutons","4b","6-7",5,"32",1,NA,NA
"697","OK371>saxA [G85Rcr/G85Rhr]","Boutons","4b","4",5,"38",1,NA,NA
