vial_ID,slope,geno,sex,day,rep,corrected.values
silent_f_03__1,1.2478,silent,f,3,1,1.168466667
silent_f_03__2,1.4219,silent,f,3,1,1.259133333
silent_f_03__3,0.6212,silent,f,3,1,0.882033333
silent_f_03__4,1.575,silent,f,3,1,1.4518
silent_f_03__5,1.4781,silent,f,3,1,1.599366667
silent_f_03__6,1.4861,silent,f,3,1,1.1743
silent_f_03__1,0.9683,silent,f,3,2,
silent_f_03__2,1.2113,silent,f,3,2,
silent_f_03__3,1.0902,silent,f,3,2,
silent_f_03__4,1.2573,silent,f,3,2,
silent_f_03__5,1.6567,silent,f,3,2,
silent_f_03__6,1.0921,silent,f,3,2,
silent_f_03__1,1.2893,silent,f,3,3,
silent_f_03__2,1.1442,silent,f,3,3,
silent_f_03__3,0.9347,silent,f,3,3,
silent_f_03__4,1.5231,silent,f,3,3,
silent_f_03__5,1.6633,silent,f,3,3,
silent_f_03__6,0.9447,silent,f,3,3,
silent_m_03__1,1.0973,silent,m,3,1,1.166733333
silent_m_03__2,1.5296,silent,m,3,1,1.405166667
silent_m_03__3,1.0608,silent,m,3,1,1.1116
silent_m_03__4,1.1682,silent,m,3,1,1.207233333
silent_m_03__5,1.0397,silent,m,3,1,1.1952
silent_m_03__6,0.8208,silent,m,3,1,1.0374
silent_m_03__1,1.1476,silent,m,3,2,
silent_m_03__2,1.4163,silent,m,3,2,
silent_m_03__3,0.9743,silent,m,3,2,
silent_m_03__4,1.0511,silent,m,3,2,
silent_m_03__5,1.4633,silent,m,3,2,
silent_m_03__6,0.9881,silent,m,3,2,
silent_m_03__1,1.2553,silent,m,3,3,
silent_m_03__2,1.2696,silent,m,3,3,
silent_m_03__3,1.2997,silent,m,3,3,
silent_m_03__4,1.4024,silent,m,3,3,
silent_m_03__5,1.0826,silent,m,3,3,
silent_m_03__6,1.3033,silent,m,3,3,
A4V_f_03__1,0.2277,A4V,f,3,1,0.341966667
A4V_f_03__2,0.1576,A4V,f,3,1,0.157733333
A4V_f_03__3,0.3508,A4V,f,3,1,0.340466667
A4V_f_03__4,0.3006,A4V,f,3,1,0.441066667
A4V_f_03__5,0.0379,A4V,f,3,1,0.2898
A4V_f_03__6,0.1446,A4V,f,3,1,0.334966667
A4V_f_03__1,0.3318,A4V,f,3,2,
A4V_f_03__2,0.1096,A4V,f,3,2,
A4V_f_03__3,0.2648,A4V,f,3,2,
A4V_f_03__4,0.3866,A4V,f,3,2,
A4V_f_03__5,0.4469,A4V,f,3,2,
A4V_f_03__6,0.4654,A4V,f,3,2,
A4V_f_03__1,0.4664,A4V,f,3,3,
A4V_f_03__2,0.206,A4V,f,3,3,
A4V_f_03__3,0.4058,A4V,f,3,3,
A4V_f_03__4,0.636,A4V,f,3,3,
A4V_f_03__5,0.3846,A4V,f,3,3,
A4V_f_03__6,0.3949,A4V,f,3,3,
A4V_m_03__1,0.5396,A4V,m,3,1,0.586133333
A4V_m_03__2,0.8021,A4V,m,3,1,0.562766667
A4V_m_03__3,0.1462,A4V,m,3,1,0.418066667
A4V_m_03__4,0.5039,A4V,m,3,1,0.839733333
A4V_m_03__5,0.3327,A4V,m,3,1,0.3792
A4V_m_03__6,0.5244,A4V,m,3,1,0.456233333
A4V_m_03__1,0.7041,A4V,m,3,2,
A4V_m_03__2,0.3583,A4V,m,3,2,
A4V_m_03__3,0.3124,A4V,m,3,2,
A4V_m_03__4,1.1938,A4V,m,3,2,
A4V_m_03__5,0.2647,A4V,m,3,2,
A4V_m_03__6,0.3241,A4V,m,3,2,
A4V_m_03__1,0.5147,A4V,m,3,3,
A4V_m_03__2,0.5279,A4V,m,3,3,
A4V_m_03__3,0.7956,A4V,m,3,3,
A4V_m_03__4,0.8215,A4V,m,3,3,
A4V_m_03__5,0.5402,A4V,m,3,3,
A4V_m_03__6,0.5202,A4V,m,3,3,
silentcha_f_03__1,1.3268,silentcha,f,3,1,1.3112
silentcha_f_03__2,1.693,silentcha,f,3,1,1.741166667
silentcha_f_03__3,1.0491,silentcha,f,3,1,1.224766667
silentcha_f_03__4,1.2193,silentcha,f,3,1,1.415933333
silentcha_f_03__5,1.2278,silentcha,f,3,1,1.214533333
silentcha_f_03__6,0.8852,silentcha,f,3,1,1.108933333
silentcha_f_03__1,1.1241,silentcha,f,3,2,
silentcha_f_03__2,1.7315,silentcha,f,3,2,
silentcha_f_03__3,1.2834,silentcha,f,3,2,
silentcha_f_03__4,1.3702,silentcha,f,3,2,
silentcha_f_03__5,1.1341,silentcha,f,3,2,
silentcha_f_03__6,1.0963,silentcha,f,3,2,
silentcha_f_03__1,1.4827,silentcha,f,3,3,
silentcha_f_03__2,1.799,silentcha,f,3,3,
silentcha_f_03__3,1.3418,silentcha,f,3,3,
silentcha_f_03__4,1.6583,silentcha,f,3,3,
silentcha_f_03__5,1.2817,silentcha,f,3,3,
silentcha_f_03__6,1.3453,silentcha,f,3,3,
silentcha_m_03__1,1.2652,silentcha,m,3,1,1.2889
silentcha_m_03__2,1.0745,silentcha,m,3,1,1.081766667
silentcha_m_03__3,1.3416,silentcha,m,3,1,1.041433333
silentcha_m_03__4,1.5655,silentcha,m,3,1,1.4297
silentcha_m_03__5,0.8759,silentcha,m,3,1,1.361133333
silentcha_m_03__6,2.1493,silentcha,m,3,1,1.715066667
silentcha_m_03__1,1.3147,silentcha,m,3,2,
silentcha_m_03__2,1.1441,silentcha,m,3,2,
silentcha_m_03__3,0.8642,silentcha,m,3,2,
silentcha_m_03__4,1.4231,silentcha,m,3,2,
silentcha_m_03__5,1.8262,silentcha,m,3,2,
silentcha_m_03__6,1.5731,silentcha,m,3,2,
silentcha_m_03__1,1.2868,silentcha,m,3,3,
silentcha_m_03__2,1.0267,silentcha,m,3,3,
silentcha_m_03__3,0.9185,silentcha,m,3,3,
silentcha_m_03__4,1.3005,silentcha,m,3,3,
silentcha_m_03__5,1.3813,silentcha,m,3,3,
silentcha_m_03__6,1.4228,silentcha,m,3,3,
A4Vcha_f_03__1,1.5647,A4Vcha,f,3,1,1.484766667
A4Vcha_f_03__2,1.2225,A4Vcha,f,3,1,1.053233333
A4Vcha_f_03__3,1.468,A4Vcha,f,3,1,1.291666667
A4Vcha_f_03__4,1.6888,A4Vcha,f,3,1,1.5794
A4Vcha_f_03__5,1.7599,A4Vcha,f,3,1,1.822533333
A4Vcha_f_03__6,1.71,A4Vcha,f,3,1,1.826466667
A4Vcha_f_03__1,1.4821,A4Vcha,f,3,2,
A4Vcha_f_03__2,1.0948,A4Vcha,f,3,2,
A4Vcha_f_03__3,1.2196,A4Vcha,f,3,2,
A4Vcha_f_03__4,1.5549,A4Vcha,f,3,2,
A4Vcha_f_03__5,1.8873,A4Vcha,f,3,2,
A4Vcha_f_03__6,1.8782,A4Vcha,f,3,2,
A4Vcha_f_03__1,1.4075,A4Vcha,f,3,3,
A4Vcha_f_03__2,0.8424,A4Vcha,f,3,3,
A4Vcha_f_03__3,1.1874,A4Vcha,f,3,3,
A4Vcha_f_03__4,1.4945,A4Vcha,f,3,3,
A4Vcha_f_03__5,1.8204,A4Vcha,f,3,3,
A4Vcha_f_03__6,1.8912,A4Vcha,f,3,3,
A4Vcha_m_03__1,2.0847,A4Vcha,m,3,1,2.112633333
A4Vcha_m_03__2,2.7711,A4Vcha,m,3,1,2.404866667
A4Vcha_m_03__3,1.7782,A4Vcha,m,3,1,1.9693
A4Vcha_m_03__4,1.628,A4Vcha,m,3,1,1.879366667
A4Vcha_m_03__5,1.97,A4Vcha,m,3,1,1.863
A4Vcha_m_03__6,2.3604,A4Vcha,m,3,1,2.3169
A4Vcha_m_03__1,2.2082,A4Vcha,m,3,2,
A4Vcha_m_03__2,2.3269,A4Vcha,m,3,2,
A4Vcha_m_03__3,2.3175,A4Vcha,m,3,2,
A4Vcha_m_03__4,1.8363,A4Vcha,m,3,2,
A4Vcha_m_03__5,1.8417,A4Vcha,m,3,2,
A4Vcha_m_03__6,2.3636,A4Vcha,m,3,2,
A4Vcha_m_03__1,2.045,A4Vcha,m,3,3,
A4Vcha_m_03__2,2.1166,A4Vcha,m,3,3,
A4Vcha_m_03__3,1.8122,A4Vcha,m,3,3,
A4Vcha_m_03__4,2.1738,A4Vcha,m,3,3,
A4Vcha_m_03__5,1.7773,A4Vcha,m,3,3,
A4Vcha_m_03__6,2.2267,A4Vcha,m,3,3,
okA4V_f_03__1,1.0766,A4Vok,f,3,1,1.057566667
okA4V_f_03__2,0.7715,A4Vok,f,3,1,0.8935
okA4V_f_03__3,1.1314,A4Vok,f,3,1,1.206033333
okA4V_f_03__4,0.9916,A4Vok,f,3,1,1.306366667
okA4V_f_03__5,1.139,A4Vok,f,3,1,1.062
okA4V_f_03__6,1.1693,A4Vok,f,3,1,1.174433333
okA4V_f_03__1,1.0069,A4Vok,f,3,2,
okA4V_f_03__2,1.0527,A4Vok,f,3,2,
okA4V_f_03__3,1.3821,A4Vok,f,3,2,
okA4V_f_03__4,1.3819,A4Vok,f,3,2,
okA4V_f_03__5,0.7788,A4Vok,f,3,2,
okA4V_f_03__6,0.9982,A4Vok,f,3,2,
okA4V_f_03__1,1.0892,A4Vok,f,3,3,
okA4V_f_03__2,0.8563,A4Vok,f,3,3,
okA4V_f_03__3,1.1046,A4Vok,f,3,3,
okA4V_f_03__4,1.5456,A4Vok,f,3,3,
okA4V_f_03__5,1.2682,A4Vok,f,3,3,
okA4V_f_03__6,1.3558,A4Vok,f,3,3,
okA4V_m_03__1,1.5453,A4Vok,m,3,1,1.533366667
okA4V_m_03__2,1.6414,A4Vok,m,3,1,1.557233333
okA4V_m_03__3,1.1935,A4Vok,m,3,1,1.241
okA4V_m_03__4,1.7201,A4Vok,m,3,1,1.725466667
okA4V_m_03__5,1.3909,A4Vok,m,3,1,1.0548
okA4V_m_03__6,2.1709,A4Vok,m,3,1,2.162866667
okA4V_m_03__1,1.4613,A4Vok,m,3,2,
okA4V_m_03__2,1.3999,A4Vok,m,3,2,
okA4V_m_03__3,1.233,A4Vok,m,3,2,
okA4V_m_03__4,1.8169,A4Vok,m,3,2,
okA4V_m_03__5,0.6957,A4Vok,m,3,2,
okA4V_m_03__6,2.1445,A4Vok,m,3,2,
okA4V_m_03__1,1.5935,A4Vok,m,3,3,
okA4V_m_03__2,1.6304,A4Vok,m,3,3,
okA4V_m_03__3,1.2965,A4Vok,m,3,3,
okA4V_m_03__4,1.6394,A4Vok,m,3,3,
okA4V_m_03__5,1.0778,A4Vok,m,3,3,
okA4V_m_03__6,2.1732,A4Vok,m,3,3,
okSilent_f_03__1,1.001,silentok,f,3,1,1.018166667
okSilent_f_03__2,0.647,silentok,f,3,1,0.811266667
okSilent_f_03__3,1.0073,silentok,f,3,1,1.147933333
okSilent_f_03__4,0.9966,silentok,f,3,1,1.208966667
okSilent_f_03__5,0.8237,silentok,f,3,1,0.992166667
okSilent_f_03__6,1.3113,silentok,f,3,1,1.214133333
okSilent_f_03__1,1.0483,silentok,f,3,2,
okSilent_f_03__2,1.1175,silentok,f,3,2,
okSilent_f_03__3,1.2787,silentok,f,3,2,
okSilent_f_03__4,1.3327,silentok,f,3,2,
okSilent_f_03__5,0.903,silentok,f,3,2,
okSilent_f_03__6,0.9863,silentok,f,3,2,
okSilent_f_03__1,1.0052,silentok,f,3,3,
okSilent_f_03__2,0.6693,silentok,f,3,3,
okSilent_f_03__3,1.1578,silentok,f,3,3,
okSilent_f_03__4,1.2976,silentok,f,3,3,
okSilent_f_03__5,1.2498,silentok,f,3,3,
okSilent_f_03__6,1.3448,silentok,f,3,3,
okSilent_m_03__1,1.7416,silentok,m,3,1,1.8365
okSilent_m_03__2,1.821,silentok,m,3,1,1.803
okSilent_m_03__3,1.5109,silentok,m,3,1,2.047833333
okSilent_m_03__4,2.1277,silentok,m,3,1,2.0088
okSilent_m_03__5,1.8944,silentok,m,3,1,1.771066667
okSilent_m_03__6,1.7352,silentok,m,3,1,1.768433333
okSilent_m_03__1,1.8755,silentok,m,3,2,
okSilent_m_03__2,1.8577,silentok,m,3,2,
okSilent_m_03__3,2.2417,silentok,m,3,2,
okSilent_m_03__4,1.8028,silentok,m,3,2,
okSilent_m_03__5,1.5096,silentok,m,3,2,
okSilent_m_03__6,1.6769,silentok,m,3,2,
okSilent_m_03__1,1.8924,silentok,m,3,3,
okSilent_m_03__2,1.7303,silentok,m,3,3,
okSilent_m_03__3,2.3909,silentok,m,3,3,
okSilent_m_03__4,2.0959,silentok,m,3,3,
okSilent_m_03__5,1.9092,silentok,m,3,3,
okSilent_m_03__6,1.8932,silentok,m,3,3,
Silent_f_06__1,1.1304,silent,f,6,1,1.124733333
Silent_f_06__2,0.8561,silent,f,6,1,1.0373
Silent_f_06__3,1.0077,silent,f,6,1,1.105666667
Silent_f_06__4,1.4295,silent,f,6,1,1.121733333
Silent_f_06__5,1.4675,silent,f,6,1,1.455866667
Silent_f_06__6,1.5088,silent,f,6,1,1.2437
Silent_f_06__1,1.0861,silent,f,6,2,
Silent_f_06__2,1.2532,silent,f,6,2,
Silent_f_06__3,1.1624,silent,f,6,2,
Silent_f_06__4,0.9954,silent,f,6,2,
Silent_f_06__5,1.4537,silent,f,6,2,
Silent_f_06__6,0.7702,silent,f,6,2,
Silent_f_06__1,1.1577,silent,f,6,3,
Silent_f_06__2,1.0026,silent,f,6,3,
Silent_f_06__3,1.1469,silent,f,6,3,
Silent_f_06__4,0.9403,silent,f,6,3,
Silent_f_06__5,1.4464,silent,f,6,3,
Silent_f_06__6,1.4521,silent,f,6,3,
Silent_m_06__1,1.1785,silent,m,6,1,1.224066667
Silent_m_06__2,1.3462,silent,m,6,1,1.4095
Silent_m_06__3,1.1087,silent,m,6,1,1.2708
Silent_m_06__4,0.7523,silent,m,6,1,1.077433333
Silent_m_06__5,0.9272,silent,m,6,1,1.045633333
Silent_m_06__6,0.4255,silent,m,6,1,0.720166667
Silent_m_06__1,1.2355,silent,m,6,2,
Silent_m_06__2,1.4493,silent,m,6,2,
Silent_m_06__3,1.0446,silent,m,6,2,
Silent_m_06__4,1.3938,silent,m,6,2,
Silent_m_06__5,1.0037,silent,m,6,2,
Silent_m_06__6,0.9743,silent,m,6,2,
Silent_m_06__1,1.2582,silent,m,6,3,
Silent_m_06__2,1.433,silent,m,6,3,
Silent_m_06__3,1.6591,silent,m,6,3,
Silent_m_06__4,1.0862,silent,m,6,3,
Silent_m_06__5,1.206,silent,m,6,3,
Silent_m_06__6,0.7607,silent,m,6,3,
A4V_f_06__1,0.2822,A4V,f,6,1,0.3702
A4V_f_06__2,0.5034,A4V,f,6,1,0.598666667
A4V_f_06__3,0.3404,A4V,f,6,1,0.334066667
A4V_f_06__4,0.1752,A4V,f,6,1,0.432966667
A4V_f_06__5,0.2633,A4V,f,6,1,0.341033333
A4V_f_06__6,0.3556,A4V,f,6,1,0.511033333
A4V_f_06__1,0.3854,A4V,f,6,2,
A4V_f_06__2,0.7751,A4V,f,6,2,
A4V_f_06__3,0.1792,A4V,f,6,2,
A4V_f_06__4,0.365,A4V,f,6,2,
A4V_f_06__5,0.3843,A4V,f,6,2,
A4V_f_06__6,0.5675,A4V,f,6,2,
A4V_f_06__1,0.443,A4V,f,6,3,
A4V_f_06__2,0.5175,A4V,f,6,3,
A4V_f_06__3,0.4826,A4V,f,6,3,
A4V_f_06__4,0.7587,A4V,f,6,3,
A4V_f_06__5,0.3755,A4V,f,6,3,
A4V_f_06__6,0.61,A4V,f,6,3,
A4V_m_06__1,0.2354,A4V,m,6,1,0.2764
A4V_m_06__2,0.292,A4V,m,6,1,0.465133333
A4V_m_06__3,0.4414,A4V,m,6,1,0.405666667
A4V_m_06__4,0.149,A4V,m,6,1,0.2995
A4V_m_06__5,0,A4V,m,6,1,0.1783
A4V_m_06__6,0,A4V,m,6,1,0.262166667
A4V_m_06__1,0.1649,A4V,m,6,2,
A4V_m_06__2,0.4088,A4V,m,6,2,
A4V_m_06__3,0.1541,A4V,m,6,2,
A4V_m_06__4,0.4249,A4V,m,6,2,
A4V_m_06__5,0.3253,A4V,m,6,2,
A4V_m_06__6,0.2302,A4V,m,6,2,
A4V_m_06__1,0.4289,A4V,m,6,3,
A4V_m_06__2,0.6946,A4V,m,6,3,
A4V_m_06__3,0.6215,A4V,m,6,3,
A4V_m_06__4,0.3246,A4V,m,6,3,
A4V_m_06__5,0.2096,A4V,m,6,3,
A4V_m_06__6,0.5563,A4V,m,6,3,
silentcha_f_06__1,0.8162,silentcha,f,6,1,0.840433333
silentcha_f_06__2,0.6062,silentcha,f,6,1,0.6348
silentcha_f_06__3,1.0245,silentcha,f,6,1,0.9618
silentcha_f_06__4,0.8472,silentcha,f,6,1,0.8541
silentcha_f_06__5,0.5051,silentcha,f,6,1,0.4869
silentcha_f_06__6,1.1822,silentcha,f,6,1,1.123866667
silentcha_f_06__1,0.8114,silentcha,f,6,2,
silentcha_f_06__2,0.5844,silentcha,f,6,2,
silentcha_f_06__3,1.5012,silentcha,f,6,2,
silentcha_f_06__4,0.6769,silentcha,f,6,2,
silentcha_f_06__5,0.5157,silentcha,f,6,2,
silentcha_f_06__6,0.8614,silentcha,f,6,2,
silentcha_f_06__1,0.8937,silentcha,f,6,3,
silentcha_f_06__2,0.7138,silentcha,f,6,3,
silentcha_f_06__3,0.3597,silentcha,f,6,3,
silentcha_f_06__4,1.0382,silentcha,f,6,3,
silentcha_f_06__5,0.4399,silentcha,f,6,3,
silentcha_f_06__6,1.328,silentcha,f,6,3,
silentcha_m_06__1,1.2278,silentcha,m,6,1,1.251133333
silentcha_m_06__2,0.8814,silentcha,m,6,1,0.888166667
silentcha_m_06__3,0.8626,silentcha,m,6,1,0.867366667
silentcha_m_06__4,1.7493,silentcha,m,6,1,1.347933333
silentcha_m_06__5,1.4745,silentcha,m,6,1,1.6192
silentcha_m_06__6,0.7872,silentcha,m,6,1,1.132266667
silentcha_m_06__1,1.4613,silentcha,m,6,2,
silentcha_m_06__2,1.0337,silentcha,m,6,2,
silentcha_m_06__3,1.0441,silentcha,m,6,2,
silentcha_m_06__4,1.1855,silentcha,m,6,2,
silentcha_m_06__5,1.3966,silentcha,m,6,2,
silentcha_m_06__6,1.3337,silentcha,m,6,2,
silentcha_m_06__1,1.0643,silentcha,m,6,3,
silentcha_m_06__2,0.7494,silentcha,m,6,3,
silentcha_m_06__3,0.6954,silentcha,m,6,3,
silentcha_m_06__4,1.109,silentcha,m,6,3,
silentcha_m_06__5,1.9865,silentcha,m,6,3,
silentcha_m_06__6,1.2759,silentcha,m,6,3,
A4Vcha_f_06__1,0.9975,A4Vcha,f,6,1,1.0088
A4Vcha_f_06__2,0.2892,A4Vcha,f,6,1,0.584266667
A4Vcha_f_06__3,0.9037,A4Vcha,f,6,1,0.782733333
A4Vcha_f_06__4,0.9231,A4Vcha,f,6,1,1.266233333
A4Vcha_f_06__5,0.816,A4Vcha,f,6,1,0.840133333
A4Vcha_f_06__6,1.4374,A4Vcha,f,6,1,1.551
A4Vcha_f_06__1,0.9691,A4Vcha,f,6,2,
A4Vcha_f_06__2,0.3983,A4Vcha,f,6,2,
A4Vcha_f_06__3,0.8302,A4Vcha,f,6,2,
A4Vcha_f_06__4,1.5468,A4Vcha,f,6,2,
A4Vcha_f_06__5,0.9289,A4Vcha,f,6,2,
A4Vcha_f_06__6,1.5899,A4Vcha,f,6,2,
A4Vcha_f_06__1,1.0598,A4Vcha,f,6,3,
A4Vcha_f_06__2,1.0653,A4Vcha,f,6,3,
A4Vcha_f_06__3,0.6143,A4Vcha,f,6,3,
A4Vcha_f_06__4,1.3288,A4Vcha,f,6,3,
A4Vcha_f_06__5,0.7755,A4Vcha,f,6,3,
A4Vcha_f_06__6,1.6257,A4Vcha,f,6,3,
A4Vcha_m_06__1,1.5314,A4Vcha,m,6,1,1.499266667
A4Vcha_m_06__2,1.5013,A4Vcha,m,6,1,1.423466667
A4Vcha_m_06__3,1.7361,A4Vcha,m,6,1,1.721666667
A4Vcha_m_06__4,1.4902,A4Vcha,m,6,1,1.433766667
A4Vcha_m_06__5,1.2992,A4Vcha,m,6,1,1.6282
A4Vcha_m_06__6,1.9022,A4Vcha,m,6,1,1.660966667
A4Vcha_m_06__1,1.3006,A4Vcha,m,6,2,
A4Vcha_m_06__2,1.4942,A4Vcha,m,6,2,
A4Vcha_m_06__3,1.8455,A4Vcha,m,6,2,
A4Vcha_m_06__4,1.1463,A4Vcha,m,6,2,
A4Vcha_m_06__5,1.2213,A4Vcha,m,6,2,
A4Vcha_m_06__6,1.127,A4Vcha,m,6,2,
A4Vcha_m_06__1,1.6658,A4Vcha,m,6,3,
A4Vcha_m_06__2,1.2749,A4Vcha,m,6,3,
A4Vcha_m_06__3,1.5834,A4Vcha,m,6,3,
A4Vcha_m_06__4,1.6648,A4Vcha,m,6,3,
A4Vcha_m_06__5,2.3641,A4Vcha,m,6,3,
A4Vcha_m_06__6,1.9537,A4Vcha,m,6,3,
silentOk_f_06__1,0.7338,silentok,f,6,1,0.861533333
silentOk_f_06__2,0.9346,silentok,f,6,1,1.121666667
silentOk_f_06__3,0.5838,silentok,f,6,1,0.640733333
silentOk_f_06__4,1.1921,silentok,f,6,1,0.944333333
silentOk_f_06__5,0.5896,silentok,f,6,1,0.940533333
silentOk_f_06__6,0.8343,silentok,f,6,1,1.1125
silentOk_f_06__1,0.9874,silentok,f,6,2,
silentOk_f_06__2,1.4154,silentok,f,6,2,
silentOk_f_06__3,0.6832,silentok,f,6,2,
silentOk_f_06__4,0.9676,silentok,f,6,2,
silentOk_f_06__5,1.0436,silentok,f,6,2,
silentOk_f_06__6,1.2312,silentok,f,6,2,
silentOk_f_06__1,0.8634,silentok,f,6,3,
silentOk_f_06__2,1.015,silentok,f,6,3,
silentOk_f_06__3,0.6552,silentok,f,6,3,
silentOk_f_06__4,0.6733,silentok,f,6,3,
silentOk_f_06__5,1.1884,silentok,f,6,3,
silentOk_f_06__6,1.272,silentok,f,6,3,
silentOk_m_06__1,1.5697,silentok,m,6,1,1.665666667
silentOk_m_06__2,1.5515,silentok,m,6,1,1.505
silentOk_m_06__3,2.069,silentok,m,6,1,1.922366667
silentOk_m_06__4,1.5199,silentok,m,6,1,1.6693
silentOk_m_06__5,1.4737,silentok,m,6,1,1.8126
silentOk_m_06__6,1.6235,silentok,m,6,1,1.634733333
silentOk_m_06__1,1.5668,silentok,m,6,2,
silentOk_m_06__2,1.6578,silentok,m,6,2,
silentOk_m_06__3,1.5253,silentok,m,6,2,
silentOk_m_06__4,1.7883,silentok,m,6,2,
silentOk_m_06__5,1.6879,silentok,m,6,2,
silentOk_m_06__6,1.5264,silentok,m,6,2,
silentOk_m_06__1,1.8605,silentok,m,6,3,
silentOk_m_06__2,1.3057,silentok,m,6,3,
silentOk_m_06__3,2.1728,silentok,m,6,3,
silentOk_m_06__4,1.6997,silentok,m,6,3,
silentOk_m_06__5,2.2762,silentok,m,6,3,
silentOk_m_06__6,1.7543,silentok,m,6,3,
A4Vok_f_06__1,0.4892,A4Vok,f,6,1,0.813733333
A4Vok_f_06__2,0.8609,A4Vok,f,6,1,0.842233333
A4Vok_f_06__3,0.7225,A4Vok,f,6,1,0.7457
A4Vok_f_06__4,0.8224,A4Vok,f,6,1,0.9407
A4Vok_f_06__5,1.1605,A4Vok,f,6,1,1.3246
A4Vok_f_06__6,0.8801,A4Vok,f,6,1,0.796966667
A4Vok_f_06__1,1.0248,A4Vok,f,6,2,
A4Vok_f_06__2,0.8946,A4Vok,f,6,2,
A4Vok_f_06__3,0.7898,A4Vok,f,6,2,
A4Vok_f_06__4,1.2564,A4Vok,f,6,2,
A4Vok_f_06__5,1.3291,A4Vok,f,6,2,
A4Vok_f_06__6,0.6061,A4Vok,f,6,2,
A4Vok_f_06__1,0.9272,A4Vok,f,6,3,
A4Vok_f_06__2,0.7712,A4Vok,f,6,3,
A4Vok_f_06__3,0.7248,A4Vok,f,6,3,
A4Vok_f_06__4,0.7433,A4Vok,f,6,3,
A4Vok_f_06__5,1.4842,A4Vok,f,6,3,
A4Vok_f_06__6,0.9047,A4Vok,f,6,3,
A4Vok_m_06__1,1.0787,A4Vok,m,6,1,1.2663
A4Vok_m_06__2,0.7898,A4Vok,m,6,1,1.060666667
A4Vok_m_06__3,1.0992,A4Vok,m,6,1,1.0777
A4Vok_m_06__4,1.1315,A4Vok,m,6,1,0.9173
A4Vok_m_06__5,0.7044,A4Vok,m,6,1,1.059366667
A4Vok_m_06__6,1.4156,A4Vok,m,6,1,1.7069
A4Vok_m_06__1,1.4295,A4Vok,m,6,2,
A4Vok_m_06__2,0.9882,A4Vok,m,6,2,
A4Vok_m_06__3,1.3812,A4Vok,m,6,2,
A4Vok_m_06__4,1.0748,A4Vok,m,6,2,
A4Vok_m_06__5,1.2339,A4Vok,m,6,2,
A4Vok_m_06__6,2.0164,A4Vok,m,6,2,
A4Vok_m_06__1,1.2907,A4Vok,m,6,3,
A4Vok_m_06__2,1.404,A4Vok,m,6,3,
A4Vok_m_06__3,0.7527,A4Vok,m,6,3,
A4Vok_m_06__4,0.5456,A4Vok,m,6,3,
A4Vok_m_06__5,1.2398,A4Vok,m,6,3,
A4Vok_m_06__6,1.6887,A4Vok,m,6,3,
Silent_f_09__1,0.3018,silent,f,9,1,0.4574
Silent_f_09__2,0.5712,silent,f,9,1,0.608433333
Silent_f_09__3,0.3847,silent,f,9,1,0.531433333
Silent_f_09__4,0.3905,silent,f,9,1,0.234633333
Silent_f_09__5,0.4371,silent,f,9,1,0.4983
Silent_f_09__6,0.5928,silent,f,9,1,0.811633333
Silent_f_09__1,0.4619,silent,f,9,2,
Silent_f_09__2,0.3693,silent,f,9,2,
Silent_f_09__3,0.5572,silent,f,9,2,
Silent_f_09__4,0.0675,silent,f,9,2,
Silent_f_09__5,0.2887,silent,f,9,2,
Silent_f_09__6,1.1855,silent,f,9,2,
Silent_f_09__1,0.6085,silent,f,9,3,
Silent_f_09__2,0.8848,silent,f,9,3,
Silent_f_09__3,0.6524,silent,f,9,3,
Silent_f_09__4,0.2459,silent,f,9,3,
Silent_f_09__5,0.7691,silent,f,9,3,
Silent_f_09__6,0.6566,silent,f,9,3,
Silent_m_09__1,0.6173,silent,m,9,1,0.7088
Silent_m_09__2,0.7032,silent,m,9,1,0.392133333
Silent_m_09__3,0.8743,silent,m,9,1,1.145666667
Silent_m_09__4,0.5813,silent,m,9,1,0.704833333
Silent_m_09__5,0.8301,silent,m,9,1,0.8403
Silent_m_09__6,0.3524,silent,m,9,1,0.364266667
Silent_m_09__1,0.7127,silent,m,9,2,
Silent_m_09__2,0.2972,silent,m,9,2,
Silent_m_09__3,1.5219,silent,m,9,2,
Silent_m_09__4,0.5031,silent,m,9,2,
Silent_m_09__5,0.6709,silent,m,9,2,
Silent_m_09__6,0.4867,silent,m,9,2,
Silent_m_09__1,0.7964,silent,m,9,3,
Silent_m_09__2,0.176,silent,m,9,3,
Silent_m_09__3,1.0408,silent,m,9,3,
Silent_m_09__4,1.0301,silent,m,9,3,
Silent_m_09__5,1.0199,silent,m,9,3,
Silent_m_09__6,0.2537,silent,m,9,3,
A4V_f_09__1,0.1256,A4V,f,9,1,0.114533333
A4V_f_09__2,0.1156,A4V,f,9,1,0.118733333
A4V_f_09__3,0.2353,A4V,f,9,1,0.104666667
A4V_f_09__4,0.0218,A4V,f,9,1,0.0503
A4V_f_09__5,0.2672,A4V,f,9,1,0.173166667
A4V_f_09__6,0.1821,A4V,f,9,1,0.172333333
A4V_f_09__1,0.0482,A4V,f,9,2,
A4V_f_09__2,0.0579,A4V,f,9,2,
A4V_f_09__3,0.0211,A4V,f,9,2,
A4V_f_09__4,0.045,A4V,f,9,2,
A4V_f_09__5,0.0762,A4V,f,9,2,
A4V_f_09__6,0.145,A4V,f,9,2,
A4V_f_09__1,0.1698,A4V,f,9,3,
A4V_f_09__2,0.1827,A4V,f,9,3,
A4V_f_09__3,0.0576,A4V,f,9,3,
A4V_f_09__4,0.0841,A4V,f,9,3,
A4V_f_09__5,0.1761,A4V,f,9,3,
A4V_f_09__6,0.1899,A4V,f,9,3,
A4V_m_09__1,0.0378,A4V,m,9,1,0.0562
A4V_m_09__2,0.0307,A4V,m,9,1,0.0486
A4V_m_09__3,0.0469,A4V,m,9,1,0.046933333
A4V_m_09__4,0.0924,A4V,m,9,1,0.097033333
A4V_m_09__5,0.0781,A4V,m,9,1,0.082866667
A4V_m_09__6,0.0632,A4V,m,9,1,0.049666667
A4V_m_09__1,0.0656,A4V,m,9,2,
A4V_m_09__2,0.0708,A4V,m,9,2,
A4V_m_09__3,0.0441,A4V,m,9,2,
A4V_m_09__4,0.0848,A4V,m,9,2,
A4V_m_09__5,0.1054,A4V,m,9,2,
A4V_m_09__6,0.0435,A4V,m,9,2,
A4V_m_09__1,0.0652,A4V,m,9,3,
A4V_m_09__2,0.0443,A4V,m,9,3,
A4V_m_09__3,0.0498,A4V,m,9,3,
A4V_m_09__4,0.1139,A4V,m,9,3,
A4V_m_09__5,0.0651,A4V,m,9,3,
A4V_m_09__6,0.0423,A4V,m,9,3,
silentcha_f_09__1,0.1558,silentcha,f,9,1,0.1715
silentcha_f_09__2,0.0213,silentcha,f,9,1,0.030966667
silentcha_f_09__3,0.6878,silentcha,f,9,1,0.890833333
silentcha_f_09__4,0.0616,silentcha,f,9,1,0.0535
silentcha_f_09__5,0.1164,silentcha,f,9,1,0.074266667
silentcha_f_09__6,0.1255,silentcha,f,9,1,0.1515
silentcha_f_09__1,0.2248,silentcha,f,9,2,
silentcha_f_09__2,0.0542,silentcha,f,9,2,
silentcha_f_09__3,1.0034,silentcha,f,9,2,
silentcha_f_09__4,0.0697,silentcha,f,9,2,
silentcha_f_09__5,0.0679,silentcha,f,9,2,
silentcha_f_09__6,0.1727,silentcha,f,9,2,
silentcha_f_09__1,0.1339,silentcha,f,9,3,
silentcha_f_09__2,0.0174,silentcha,f,9,3,
silentcha_f_09__3,0.9813,silentcha,f,9,3,
silentcha_f_09__4,0.0292,silentcha,f,9,3,
silentcha_f_09__5,0.0385,silentcha,f,9,3,
silentcha_f_09__6,0.1563,silentcha,f,9,3,
silentcha_m_09__1,0.0845,silentcha,m,9,1,0.074533333
silentcha_m_09__2,0.1116,silentcha,m,9,1,0.092433333
silentcha_m_09__3,0.2598,silentcha,m,9,1,0.168166667
silentcha_m_09__4,0.3011,silentcha,m,9,1,0.217933333
silentcha_m_09__5,0.2541,silentcha,m,9,1,0.283866667
silentcha_m_09__6,0.1241,silentcha,m,9,1,0.092966667
silentcha_m_09__1,0.0583,silentcha,m,9,2,
silentcha_m_09__2,0.0538,silentcha,m,9,2,
silentcha_m_09__3,0.0894,silentcha,m,9,2,
silentcha_m_09__4,0.1051,silentcha,m,9,2,
silentcha_m_09__5,0.2119,silentcha,m,9,2,
silentcha_m_09__6,0.0807,silentcha,m,9,2,
silentcha_m_09__1,0.0808,silentcha,m,9,3,
silentcha_m_09__2,0.1119,silentcha,m,9,3,
silentcha_m_09__3,0.1553,silentcha,m,9,3,
silentcha_m_09__4,0.2476,silentcha,m,9,3,
silentcha_m_09__5,0.3856,silentcha,m,9,3,
silentcha_m_09__6,0.0741,silentcha,m,9,3,
A4Vcha_f_09__1,0.4233,A4Vcha,f,9,1,0.349066667
A4Vcha_f_09__2,0.1619,A4Vcha,f,9,1,0.106633333
A4Vcha_f_09__3,0.5569,A4Vcha,f,9,1,0.4691
A4Vcha_f_09__4,0.2698,A4Vcha,f,9,1,0.3979
A4Vcha_f_09__5,0.5538,A4Vcha,f,9,1,0.504933333
A4Vcha_f_09__6,0.5853,A4Vcha,f,9,1,0.5361
A4Vcha_f_09__1,0.2804,A4Vcha,f,9,2,
A4Vcha_f_09__2,0.0625,A4Vcha,f,9,2,
A4Vcha_f_09__3,0.5867,A4Vcha,f,9,2,
A4Vcha_f_09__4,0.4339,A4Vcha,f,9,2,
A4Vcha_f_09__5,0.4843,A4Vcha,f,9,2,
A4Vcha_f_09__6,0.2075,A4Vcha,f,9,2,
A4Vcha_f_09__1,0.3435,A4Vcha,f,9,3,
A4Vcha_f_09__2,0.0955,A4Vcha,f,9,3,
A4Vcha_f_09__3,0.2637,A4Vcha,f,9,3,
A4Vcha_f_09__4,0.49,A4Vcha,f,9,3,
A4Vcha_f_09__5,0.4767,A4Vcha,f,9,3,
A4Vcha_f_09__6,0.8155,A4Vcha,f,9,3,
A4Vcha_m_09__1,0.1178,A4Vcha,m,9,1,0.1172
A4Vcha_m_09__2,0.0683,A4Vcha,m,9,1,0.0608
A4Vcha_m_09__3,0.173,A4Vcha,m,9,1,0.1575
A4Vcha_m_09__4,0.1015,A4Vcha,m,9,1,0.108033333
A4Vcha_m_09__5,0.0675,A4Vcha,m,9,1,0.0685
A4Vcha_m_09__6,0.2285,A4Vcha,m,9,1,0.1397
A4Vcha_m_09__1,0.1287,A4Vcha,m,9,2,
A4Vcha_m_09__2,0.0794,A4Vcha,m,9,2,
A4Vcha_m_09__3,0.0844,A4Vcha,m,9,2,
A4Vcha_m_09__4,0.1529,A4Vcha,m,9,2,
A4Vcha_m_09__5,0.0682,A4Vcha,m,9,2,
A4Vcha_m_09__6,0.0524,A4Vcha,m,9,2,
A4Vcha_m_09__1,0.1051,A4Vcha,m,9,3,
A4Vcha_m_09__2,0.0347,A4Vcha,m,9,3,
A4Vcha_m_09__3,0.2151,A4Vcha,m,9,3,
A4Vcha_m_09__4,0.0697,A4Vcha,m,9,3,
A4Vcha_m_09__5,0.0698,A4Vcha,m,9,3,
A4Vcha_m_09__6,0.1382,A4Vcha,m,9,3,
silentOk_f_09__1,0.1318,silentok,f,9,1,0.1678
silentOk_f_09__2,0.0886,silentok,f,9,1,0.157166667
silentOk_f_09__3,0.2918,silentok,f,9,1,0.360466667
silentOk_f_09__4,0.1084,silentok,f,9,1,0.0953
silentOk_f_09__5,0.0964,silentok,f,9,1,0.108
silentOk_f_09__6,0.0736,silentok,f,9,1,0.090366667
silentOk_f_09__1,0.1646,silentok,f,9,2,
silentOk_f_09__2,0.306,silentok,f,9,2,
silentOk_f_09__3,0.2524,silentok,f,9,2,
silentOk_f_09__4,0.0742,silentok,f,9,2,
silentOk_f_09__5,0.1407,silentok,f,9,2,
silentOk_f_09__6,0.1288,silentok,f,9,2,
silentOk_f_09__1,0.207,silentok,f,9,3,
silentOk_f_09__2,0.0769,silentok,f,9,3,
silentOk_f_09__3,0.5372,silentok,f,9,3,
silentOk_f_09__4,0.1033,silentok,f,9,3,
silentOk_f_09__5,0.0869,silentok,f,9,3,
silentOk_f_09__6,0.0687,silentok,f,9,3,
silentOk_m_09__1,1.4295,silentok,m,9,1,1.5534
silentOk_m_09__2,1.2976,silentok,m,9,1,1.601433333
silentOk_m_09__3,1.575,silentok,m,9,1,1.953066667
silentOk_m_09__4,1.664,silentok,m,9,1,1.5173
silentOk_m_09__5,1.7385,silentok,m,9,1,1.583366667
silentOk_m_09__6,1.1501,silentok,m,9,1,1.251066667
silentOk_m_09__1,1.4424,silentok,m,9,2,
silentOk_m_09__2,1.4361,silentok,m,9,2,
silentOk_m_09__3,1.7922,silentok,m,9,2,
silentOk_m_09__4,1.1122,silentok,m,9,2,
silentOk_m_09__5,1.6238,silentok,m,9,2,
silentOk_m_09__6,1.2117,silentok,m,9,2,
silentOk_m_09__1,1.7883,silentok,m,9,3,
silentOk_m_09__2,2.0706,silentok,m,9,3,
silentOk_m_09__3,2.492,silentok,m,9,3,
silentOk_m_09__4,1.7757,silentok,m,9,3,
silentOk_m_09__5,1.3878,silentok,m,9,3,
silentOk_m_09__6,1.3914,silentok,m,9,3,
A4Vok_f_09__1,0.1936,A4Vok,f,9,1,0.304866667
A4Vok_f_09__2,0.4942,A4Vok,f,9,1,0.5153
A4Vok_f_09__3,0.0385,A4Vok,f,9,1,0.069633333
A4Vok_f_09__4,0.2066,A4Vok,f,9,1,0.251566667
A4Vok_f_09__5,0.3847,A4Vok,f,9,1,0.437066667
A4Vok_f_09__6,0.6257,A4Vok,f,9,1,0.630533333
A4Vok_f_09__1,0.3472,A4Vok,f,9,2,
A4Vok_f_09__2,0.5529,A4Vok,f,9,2,
A4Vok_f_09__3,0.06,A4Vok,f,9,2,
A4Vok_f_09__4,0.2305,A4Vok,f,9,2,
A4Vok_f_09__5,0.6875,A4Vok,f,9,2,
A4Vok_f_09__6,0.622,A4Vok,f,9,2,
A4Vok_f_09__1,0.3738,A4Vok,f,9,3,
A4Vok_f_09__2,0.4988,A4Vok,f,9,3,
A4Vok_f_09__3,0.1104,A4Vok,f,9,3,
A4Vok_f_09__4,0.3176,A4Vok,f,9,3,
A4Vok_f_09__5,0.239,A4Vok,f,9,3,
A4Vok_f_09__6,0.6439,A4Vok,f,9,3,
A4Vok_m_09__1,1.0176,A4Vok,m,9,1,1.1761
A4Vok_m_09__2,0.9849,A4Vok,m,9,1,0.9289
A4Vok_m_09__3,1.556,A4Vok,m,9,1,1.4158
A4Vok_m_09__4,0.506,A4Vok,m,9,1,0.803866667
A4Vok_m_09__5,0.2091,A4Vok,m,9,1,0.2678
A4Vok_m_09__6,2.0921,A4Vok,m,9,1,1.874266667
A4Vok_m_09__1,1.2691,A4Vok,m,9,2,
A4Vok_m_09__2,0.7377,A4Vok,m,9,2,
A4Vok_m_09__3,1.2415,A4Vok,m,9,2,
A4Vok_m_09__4,0.9692,A4Vok,m,9,2,
A4Vok_m_09__5,0.3238,A4Vok,m,9,2,
A4Vok_m_09__6,1.6141,A4Vok,m,9,2,
A4Vok_m_09__1,1.2416,A4Vok,m,9,3,
A4Vok_m_09__2,1.0641,A4Vok,m,9,3,
A4Vok_m_09__3,1.4499,A4Vok,m,9,3,
A4Vok_m_09__4,0.9364,A4Vok,m,9,3,
A4Vok_m_09__5,0.2705,A4Vok,m,9,3,
A4Vok_m_09__6,1.9166,A4Vok,m,9,3,
Silent_f_15__1,0.1884,silent,f,15,1,0.231166667
Silent_f_15__2,0.3605,silent,f,15,1,0.335466667
Silent_f_15__3,0.2766,silent,f,15,1,0.440066667
Silent_f_15__4,0.1762,silent,f,15,1,0.2285
Silent_f_15__5,0.147,silent,f,15,1,0.0695
Silent_f_15__6,0.0725,silent,f,15,1,0.0858
Silent_f_15__1,0.1702,silent,f,15,2,
Silent_f_15__2,0.1711,silent,f,15,2,
Silent_f_15__3,0.2321,silent,f,15,2,
Silent_f_15__4,0.2042,silent,f,15,2,
Silent_f_15__5,0.0615,silent,f,15,2,
Silent_f_15__6,0.0341,silent,f,15,2,
Silent_f_15__1,0.3349,silent,f,15,3,
Silent_f_15__2,0.4748,silent,f,15,3,
Silent_f_15__3,0.8115,silent,f,15,3,
Silent_f_15__4,0.3051,silent,f,15,3,
Silent_f_15__5,0,silent,f,15,3,
Silent_f_15__6,0.1508,silent,f,15,3,
Silent_f_15__1,0.2683,silent,f,15,4,0.3458
Silent_f_15__2,0.4262,silent,f,15,4,0.351766667
Silent_f_15__3,0.5197,silent,f,15,4,0.6172
Silent_f_15__4,0.3893,silent,f,15,4,0.402733333
Silent_f_15__5,0.0401,silent,f,15,4,0.084666667
Silent_f_15__6,0.0598,silent,f,15,4,0.057433333
Silent_f_15__1,0.3159,silent,f,15,5,
Silent_f_15__2,0.2231,silent,f,15,5,
Silent_f_15__3,0.6442,silent,f,15,5,
Silent_f_15__4,0.2805,silent,f,15,5,
Silent_f_15__5,0.0774,silent,f,15,5,
Silent_f_15__6,0.0452,silent,f,15,5,
Silent_f_15__1,0.4532,silent,f,15,6,
Silent_f_15__2,0.406,silent,f,15,6,
Silent_f_15__3,0.6877,silent,f,15,6,
Silent_f_15__4,0.5384,silent,f,15,6,
Silent_f_15__5,0.1365,silent,f,15,6,
Silent_f_15__6,0.0673,silent,f,15,6,
Silent_m_15__1,0.326,silent,m,15,1,0.481766667
Silent_m_15__2,0.4184,silent,m,15,1,0.427
Silent_m_15__3,0.238,silent,m,15,1,0.524
Silent_m_15__4,0.6478,silent,m,15,1,0.4366
Silent_m_15__5,0.4435,silent,m,15,1,0.704566667
Silent_m_15__6,0.2886,silent,m,15,1,0.759633333
Silent_m_15__1,0.5485,silent,m,15,2,
Silent_m_15__2,0.4018,silent,m,15,2,
Silent_m_15__3,0.4988,silent,m,15,2,
Silent_m_15__4,0.3743,silent,m,15,2,
Silent_m_15__5,0.7291,silent,m,15,2,
Silent_m_15__6,1.4089,silent,m,15,2,
Silent_m_15__1,0.5708,silent,m,15,3,
Silent_m_15__2,0.4608,silent,m,15,3,
Silent_m_15__3,0.8352,silent,m,15,3,
Silent_m_15__4,0.2877,silent,m,15,3,
Silent_m_15__5,0.9411,silent,m,15,3,
Silent_m_15__6,0.5814,silent,m,15,3,
A4V_f_15__1,0.0654,A4V,f,15,1,0.080933333
A4V_f_15__2,0.1668,A4V,f,15,1,0.132066667
A4V_f_15__3,0.0755,A4V,f,15,1,0.083133333
A4V_f_15__4,0.0678,A4V,f,15,1,0.0799
A4V_f_15__5,0,A4V,f,15,1,0.027333333
A4V_f_15__6,0.2023,A4V,f,15,1,0.265566667
A4V_f_15__1,0.0792,A4V,f,15,2,
A4V_f_15__2,0.1139,A4V,f,15,2,
A4V_f_15__3,0.086,A4V,f,15,2,
A4V_f_15__4,0.0794,A4V,f,15,2,
A4V_f_15__5,0.0535,A4V,f,15,2,
A4V_f_15__6,0.2832,A4V,f,15,2,
A4V_f_15__1,0.0982,A4V,f,15,3,
A4V_f_15__2,0.1155,A4V,f,15,3,
A4V_f_15__3,0.0879,A4V,f,15,3,
A4V_f_15__4,0.0925,A4V,f,15,3,
A4V_f_15__5,0.0285,A4V,f,15,3,
A4V_f_15__6,0.3112,A4V,f,15,3,
silentcha_f_15__1,0.4084,silentcha,f,15,1,0.506933333
silentcha_f_15__2,0.3134,silentcha,f,15,1,0.297466667
silentcha_f_15__3,0.4952,silentcha,f,15,1,0.807666667
silentcha_f_15__4,0.5399,silentcha,f,15,1,0.598
silentcha_f_15__5,0.575,silentcha,f,15,1,0.511666667
silentcha_f_15__6,0.3692,silentcha,f,15,1,0.596266667
silentcha_f_15__1,0.5303,silentcha,f,15,2,
silentcha_f_15__2,0.2315,silentcha,f,15,2,
silentcha_f_15__3,0.9815,silentcha,f,15,2,
silentcha_f_15__4,0.6361,silentcha,f,15,2,
silentcha_f_15__5,0.3066,silentcha,f,15,2,
silentcha_f_15__6,0.7438,silentcha,f,15,2,
silentcha_f_15__1,0.5821,silentcha,f,15,3,
silentcha_f_15__2,0.3475,silentcha,f,15,3,
silentcha_f_15__3,0.9463,silentcha,f,15,3,
silentcha_f_15__4,0.618,silentcha,f,15,3,
silentcha_f_15__5,0.6534,silentcha,f,15,3,
silentcha_f_15__6,0.6758,silentcha,f,15,3,
silentcha_m_15__1,0.7167,silentcha,m,15,1,0.781133333
silentcha_m_15__2,0.6374,silentcha,m,15,1,0.764766667
silentcha_m_15__3,0.6363,silentcha,m,15,1,0.719366667
silentcha_m_15__4,0.7159,silentcha,m,15,1,0.6435
silentcha_m_15__5,0.914,silentcha,m,15,1,1.043866667
silentcha_m_15__6,0.5032,silentcha,m,15,1,0.6419
silentcha_m_15__1,0.8263,silentcha,m,15,2,
silentcha_m_15__2,0.665,silentcha,m,15,2,
silentcha_m_15__3,0.8112,silentcha,m,15,2,
silentcha_m_15__4,0.5757,silentcha,m,15,2,
silentcha_m_15__5,1.1632,silentcha,m,15,2,
silentcha_m_15__6,0.8508,silentcha,m,15,2,
silentcha_m_15__1,0.8004,silentcha,m,15,3,
silentcha_m_15__2,0.9919,silentcha,m,15,3,
silentcha_m_15__3,0.7106,silentcha,m,15,3,
silentcha_m_15__4,0.6389,silentcha,m,15,3,
silentcha_m_15__5,1.0544,silentcha,m,15,3,
silentcha_m_15__6,0.5717,silentcha,m,15,3,
A4Vcha_f_15__1,0.4179,A4Vcha,f,15,1,0.4361
A4Vcha_f_15__2,0.1621,A4Vcha,f,15,1,0.286633333
A4Vcha_f_15__3,0.7087,A4Vcha,f,15,1,0.566133333
A4Vcha_f_15__4,0.488,A4Vcha,f,15,1,0.498533333
A4Vcha_f_15__5,0.2846,A4Vcha,f,15,1,0.373833333
A4Vcha_f_15__6,0.1149,A4Vcha,f,15,1,0.235
A4Vcha_f_15__1,0.3657,A4Vcha,f,15,2,
A4Vcha_f_15__2,0.2403,A4Vcha,f,15,2,
A4Vcha_f_15__3,0.5221,A4Vcha,f,15,2,
A4Vcha_f_15__4,0.5364,A4Vcha,f,15,2,
A4Vcha_f_15__5,0.4111,A4Vcha,f,15,2,
A4Vcha_f_15__6,0.195,A4Vcha,f,15,2,
A4Vcha_f_15__1,0.5247,A4Vcha,f,15,3,
A4Vcha_f_15__2,0.4575,A4Vcha,f,15,3,
A4Vcha_f_15__3,0.4676,A4Vcha,f,15,3,
A4Vcha_f_15__4,0.4712,A4Vcha,f,15,3,
A4Vcha_f_15__5,0.4258,A4Vcha,f,15,3,
A4Vcha_f_15__6,0.3951,A4Vcha,f,15,3,
A4Vcha_m_15__1,0.7281,A4Vcha,m,15,1,0.777766667
A4Vcha_m_15__2,1.0112,A4Vcha,m,15,1,1.174633333
A4Vcha_m_15__3,0.3344,A4Vcha,m,15,1,0.316733333
A4Vcha_m_15__4,0.6049,A4Vcha,m,15,1,0.880133333
A4Vcha_m_15__5,0.3219,A4Vcha,m,15,1,0.338266667
A4Vcha_m_15__6,1.6515,A4Vcha,m,15,1,1.375333333
A4Vcha_m_15__1,0.9013,A4Vcha,m,15,2,
A4Vcha_m_15__2,1.3513,A4Vcha,m,15,2,
A4Vcha_m_15__3,0.3058,A4Vcha,m,15,2,
A4Vcha_m_15__4,1.0834,A4Vcha,m,15,2,
A4Vcha_m_15__5,0.4346,A4Vcha,m,15,2,
A4Vcha_m_15__6,1.1671,A4Vcha,m,15,2,
A4Vcha_m_15__1,0.7039,A4Vcha,m,15,3,
A4Vcha_m_15__2,1.1614,A4Vcha,m,15,3,
A4Vcha_m_15__3,0.31,A4Vcha,m,15,3,
A4Vcha_m_15__4,0.9521,A4Vcha,m,15,3,
A4Vcha_m_15__5,0.2583,A4Vcha,m,15,3,
A4Vcha_m_15__6,1.3074,A4Vcha,m,15,3,
silentOk_f_15__1,0.4704,silentok,f,15,1,0.471966667
silentOk_f_15__2,0.4344,silentok,f,15,1,0.5839
silentOk_f_15__3,0.2596,silentok,f,15,1,0.222166667
silentOk_f_15__4,0.4722,silentok,f,15,1,0.502833333
silentOk_f_15__5,0.917,silentok,f,15,1,0.770066667
silentOk_f_15__6,0.4927,silentok,f,15,1,0.659633333
silentOk_f_15__1,0.4684,silentok,f,15,2,
silentOk_f_15__2,0.8429,silentok,f,15,2,
silentOk_f_15__3,0.3478,silentok,f,15,2,
silentOk_f_15__4,0.6583,silentok,f,15,2,
silentOk_f_15__5,0.7605,silentok,f,15,2,
silentOk_f_15__6,0.8515,silentok,f,15,2,
silentOk_f_15__1,0.4771,silentok,f,15,3,
silentOk_f_15__2,0.4744,silentok,f,15,3,
silentOk_f_15__3,0.0591,silentok,f,15,3,
silentOk_f_15__4,0.378,silentok,f,15,3,
silentOk_f_15__5,0.6327,silentok,f,15,3,
silentOk_f_15__6,0.6347,silentok,f,15,3,
silentOk_m_15__1,0.7579,silentok,m,15,1,0.8719
silentOk_m_15__2,0.7106,silentok,m,15,1,0.925466667
silentOk_m_15__3,0.6882,silentok,m,15,1,0.952833333
silentOk_m_15__4,0.5518,silentok,m,15,1,1.120366667
silentOk_m_15__5,1.1868,silentok,m,15,1,1.087066667
silentOk_m_15__6,0.5644,silentok,m,15,1,0.711133333
silentOk_m_15__1,1.0576,silentok,m,15,2,
silentOk_m_15__2,0.9289,silentok,m,15,2,
silentOk_m_15__3,1.3848,silentok,m,15,2,
silentOk_m_15__4,1.3524,silentok,m,15,2,
silentOk_m_15__5,1.2003,silentok,m,15,2,
silentOk_m_15__6,0.624,silentok,m,15,2,
silentOk_m_15__1,0.8002,silentok,m,15,3,
silentOk_m_15__2,1.1369,silentok,m,15,3,
silentOk_m_15__3,0.7855,silentok,m,15,3,
silentOk_m_15__4,1.4569,silentok,m,15,3,
silentOk_m_15__5,0.8741,silentok,m,15,3,
silentOk_m_15__6,0.945,silentok,m,15,3,
A4Vok_f_15__1,0.3657,A4Vok,f,15,1,0.4999
A4Vok_f_15__2,0.5727,A4Vok,f,15,1,0.771766667
A4Vok_f_15__3,0.4594,A4Vok,f,15,1,0.495633333
A4Vok_f_15__4,0.2346,A4Vok,f,15,1,0.4587
A4Vok_f_15__5,0.7014,A4Vok,f,15,1,0.722566667
A4Vok_f_15__6,0.3221,A4Vok,f,15,1,0.501466667
A4Vok_f_15__1,0.4862,A4Vok,f,15,2,
A4Vok_f_15__2,0.8402,A4Vok,f,15,2,
A4Vok_f_15__3,0.3869,A4Vok,f,15,2,
A4Vok_f_15__4,0.3624,A4Vok,f,15,2,
A4Vok_f_15__5,0.7256,A4Vok,f,15,2,
A4Vok_f_15__6,0.4944,A4Vok,f,15,2,
A4Vok_f_15__1,0.6478,A4Vok,f,15,3,
A4Vok_f_15__2,0.9024,A4Vok,f,15,3,
A4Vok_f_15__3,0.6406,A4Vok,f,15,3,
A4Vok_f_15__4,0.7791,A4Vok,f,15,3,
A4Vok_f_15__5,0.7407,A4Vok,f,15,3,
A4Vok_f_15__6,0.6879,A4Vok,f,15,3,
A4Vok_m_15__1,0.4858,A4Vok,m,15,1,0.7339
A4Vok_m_15__2,0.4564,A4Vok,m,15,1,0.603166667
A4Vok_m_15__3,0.9311,A4Vok,m,15,1,0.9817
A4Vok_m_15__4,0.5051,A4Vok,m,15,1,0.661733333
A4Vok_m_15__5,0.766,A4Vok,m,15,1,0.7651
A4Vok_m_15__6,1.2539,A4Vok,m,15,1,0.954666667
A4Vok_m_15__1,0.8429,A4Vok,m,15,2,
A4Vok_m_15__2,0.5928,A4Vok,m,15,2,
A4Vok_m_15__3,1.1763,A4Vok,m,15,2,
A4Vok_m_15__4,0.6772,A4Vok,m,15,2,
A4Vok_m_15__5,0.6088,A4Vok,m,15,2,
A4Vok_m_15__6,0.5012,A4Vok,m,15,2,
A4Vok_m_15__1,0.873,A4Vok,m,15,3,
A4Vok_m_15__2,0.7603,A4Vok,m,15,3,
A4Vok_m_15__3,0.8377,A4Vok,m,15,3,
A4Vok_m_15__4,0.8029,A4Vok,m,15,3,
A4Vok_m_15__5,0.9205,A4Vok,m,15,3,
A4Vok_m_15__6,1.1089,A4Vok,m,15,3,
Silent_f_18__1,0.403,silent,f,18,1,0.482833333
Silent_f_18__2,0.5768,silent,f,18,1,0.526733333
Silent_f_18__3,0.2901,silent,f,18,1,0.389233333
Silent_f_18__4,0.3921,silent,f,18,1,0.487366667
Silent_f_18__5,0.3382,silent,f,18,1,0.4451
Silent_f_18__6,0.8276,silent,f,18,1,0.8692
Silent_f_18__1,0.4593,silent,f,18,2,
Silent_f_18__2,0.5476,silent,f,18,2,
Silent_f_18__3,0.3224,silent,f,18,2,
Silent_f_18__4,0.4669,silent,f,18,2,
Silent_f_18__5,0.6742,silent,f,18,2,
Silent_f_18__6,0.8103,silent,f,18,2,
Silent_f_18__1,0.5862,silent,f,18,3,
Silent_f_18__2,0.4558,silent,f,18,3,
Silent_f_18__3,0.5552,silent,f,18,3,
Silent_f_18__4,0.6031,silent,f,18,3,
Silent_f_18__5,0.3229,silent,f,18,3,
Silent_f_18__6,0.9697,silent,f,18,3,
Silent_m_18__1,0.4244,silent,m,18,1,0.623866667
Silent_m_18__2,0.5596,silent,m,18,1,0.5938
Silent_m_18__3,0.3404,silent,m,18,1,0.618066667
Silent_m_18__4,0.5452,silent,m,18,1,0.7952
Silent_m_18__5,0.3195,silent,m,18,1,0.5763
Silent_m_18__6,0.4392,silent,m,18,1,0.5954
Silent_m_18__1,0.6803,silent,m,18,2,
Silent_m_18__2,0.5876,silent,m,18,2,
Silent_m_18__3,0.8583,silent,m,18,2,
Silent_m_18__4,1.0485,silent,m,18,2,
Silent_m_18__5,0.7359,silent,m,18,2,
Silent_m_18__6,0.7673,silent,m,18,2,
Silent_m_18__1,0.7669,silent,m,18,3,
Silent_m_18__2,0.6342,silent,m,18,3,
Silent_m_18__3,0.6555,silent,m,18,3,
Silent_m_18__4,0.7919,silent,m,18,3,
Silent_m_18__5,0.6735,silent,m,18,3,
Silent_m_18__6,0.5797,silent,m,18,3,
A4V_f_18__1,0.0232,A4V,f,18,1,0.0411
A4V_f_18__2,0.0306,A4V,f,18,1,0.0656
A4V_f_18__3,0,A4V,f,18,1,0.046233333
A4V_f_18__4,0.0507,A4V,f,18,1,0.051366667
A4V_f_18__5,0.2363,A4V,f,18,1,0.1295
A4V_f_18__6,0.0897,A4V,f,18,1,0.1405
A4V_f_18__1,0.0245,A4V,f,18,2,
A4V_f_18__2,0.0284,A4V,f,18,2,
A4V_f_18__3,0.0432,A4V,f,18,2,
A4V_f_18__4,0.049,A4V,f,18,2,
A4V_f_18__5,0.0129,A4V,f,18,2,
A4V_f_18__6,0.1854,A4V,f,18,2,
A4V_f_18__1,0.0756,A4V,f,18,3,
A4V_f_18__2,0.1378,A4V,f,18,3,
A4V_f_18__3,0.0955,A4V,f,18,3,
A4V_f_18__4,0.0544,A4V,f,18,3,
A4V_f_18__5,0.1393,A4V,f,18,3,
A4V_f_18__6,0.1464,A4V,f,18,3,
silentcha_f_18__1,0.4675,silentcha,f,18,1,0.4241
silentcha_f_18__2,0.5355,silentcha,f,18,1,0.347433333
silentcha_f_18__3,0.4115,silentcha,f,18,1,0.355766667
silentcha_f_18__4,0.4428,silentcha,f,18,1,0.512833333
silentcha_f_18__5,0.4845,silentcha,f,18,1,0.242466667
silentcha_f_18__6,0.7823,silentcha,f,18,1,0.700866667
silentcha_f_18__1,0.4536,silentcha,f,18,2,
silentcha_f_18__2,0.2977,silentcha,f,18,2,
silentcha_f_18__3,0.4281,silentcha,f,18,2,
silentcha_f_18__4,0.5542,silentcha,f,18,2,
silentcha_f_18__5,0.1519,silentcha,f,18,2,
silentcha_f_18__6,0.7817,silentcha,f,18,2,
silentcha_f_18__1,0.3512,silentcha,f,18,3,
silentcha_f_18__2,0.2091,silentcha,f,18,3,
silentcha_f_18__3,0.2277,silentcha,f,18,3,
silentcha_f_18__4,0.5415,silentcha,f,18,3,
silentcha_f_18__5,0.091,silentcha,f,18,3,
silentcha_f_18__6,0.5386,silentcha,f,18,3,
silentcha_m_18__1,0.6807,silentcha,m,18,1,0.833466667
silentcha_m_18__2,0.8559,silentcha,m,18,1,0.954133333
silentcha_m_18__3,0.6727,silentcha,m,18,1,0.7696
silentcha_m_18__4,0.7369,silentcha,m,18,1,0.892433333
silentcha_m_18__5,1.5246,silentcha,m,18,1,1.298566667
silentcha_m_18__6,0.7693,silentcha,m,18,1,0.661933333
silentcha_m_18__1,1.0008,silentcha,m,18,2,
silentcha_m_18__2,1.1906,silentcha,m,18,2,
silentcha_m_18__3,0.9069,silentcha,m,18,2,
silentcha_m_18__4,0.9633,silentcha,m,18,2,
silentcha_m_18__5,1.3336,silentcha,m,18,2,
silentcha_m_18__6,0.4532,silentcha,m,18,2,
silentcha_m_18__1,0.8189,silentcha,m,18,3,
silentcha_m_18__2,0.8159,silentcha,m,18,3,
silentcha_m_18__3,0.7292,silentcha,m,18,3,
silentcha_m_18__4,0.9771,silentcha,m,18,3,
silentcha_m_18__5,1.0375,silentcha,m,18,3,
silentcha_m_18__6,0.7633,silentcha,m,18,3,
A4Vcha_f_18__1,0.3799,A4Vcha,f,18,1,0.3856
A4Vcha_f_18__2,0.1945,A4Vcha,f,18,1,0.147766667
A4Vcha_f_18__3,0.3418,A4Vcha,f,18,1,0.501666667
A4Vcha_f_18__4,0.3724,A4Vcha,f,18,1,0.438733333
A4Vcha_f_18__5,0.3383,A4Vcha,f,18,1,0.3588
A4Vcha_f_18__6,0.2118,A4Vcha,f,18,1,0.150366667
A4Vcha_f_18__1,0.4666,A4Vcha,f,18,2,
A4Vcha_f_18__2,0.1089,A4Vcha,f,18,2,
A4Vcha_f_18__3,0.4112,A4Vcha,f,18,2,
A4Vcha_f_18__4,0.4116,A4Vcha,f,18,2,
A4Vcha_f_18__5,0.3031,A4Vcha,f,18,2,
A4Vcha_f_18__6,0.1498,A4Vcha,f,18,2,
A4Vcha_f_18__1,0.3103,A4Vcha,f,18,3,
A4Vcha_f_18__2,0.1399,A4Vcha,f,18,3,
A4Vcha_f_18__3,0.752,A4Vcha,f,18,3,
A4Vcha_f_18__4,0.5322,A4Vcha,f,18,3,
A4Vcha_f_18__5,0.435,A4Vcha,f,18,3,
A4Vcha_f_18__6,0.0895,A4Vcha,f,18,3,
A4Vcha_m_18__1,0.6798,A4Vcha,m,18,1,0.7608
A4Vcha_m_18__2,0.9035,A4Vcha,m,18,1,0.807466667
A4Vcha_m_18__3,0.2645,A4Vcha,m,18,1,0.475566667
A4Vcha_m_18__4,0.5823,A4Vcha,m,18,1,0.902733333
A4Vcha_m_18__5,0.5378,A4Vcha,m,18,1,0.489166667
A4Vcha_m_18__6,0.7277,A4Vcha,m,18,1,1.223566667
A4Vcha_m_18__1,0.7429,A4Vcha,m,18,2,
A4Vcha_m_18__2,0.6035,A4Vcha,m,18,2,
A4Vcha_m_18__3,0.5057,A4Vcha,m,18,2,
A4Vcha_m_18__4,1.1173,A4Vcha,m,18,2,
A4Vcha_m_18__5,0.3749,A4Vcha,m,18,2,
A4Vcha_m_18__6,1.2471,A4Vcha,m,18,2,
A4Vcha_m_18__1,0.8597,A4Vcha,m,18,3,
A4Vcha_m_18__2,0.9154,A4Vcha,m,18,3,
A4Vcha_m_18__3,0.6565,A4Vcha,m,18,3,
A4Vcha_m_18__4,1.0086,A4Vcha,m,18,3,
A4Vcha_m_18__5,0.5548,A4Vcha,m,18,3,
A4Vcha_m_18__6,1.6959,A4Vcha,m,18,3,
silentOk_f_18__1,0.2932,silentok,f,18,1,0.424166667
silentOk_f_18__2,0.2603,silentok,f,18,1,0.412733333
silentOk_f_18__3,0.7369,silentok,f,18,1,0.6291
silentOk_f_18__4,0.3937,silentok,f,18,1,0.620933333
silentOk_f_18__5,0.3564,silentok,f,18,1,0.559266667
silentOk_f_18__6,0.2782,silentok,f,18,1,0.4028
silentOk_f_18__1,0.4481,silentok,f,18,2,
silentOk_f_18__2,0.4563,silentok,f,18,2,
silentOk_f_18__3,0.5691,silentok,f,18,2,
silentOk_f_18__4,0.6441,silentok,f,18,2,
silentOk_f_18__5,0.6599,silentok,f,18,2,
silentOk_f_18__6,0.4619,silentok,f,18,2,
silentOk_f_18__1,0.5312,silentok,f,18,3,
silentOk_f_18__2,0.5216,silentok,f,18,3,
silentOk_f_18__3,0.5813,silentok,f,18,3,
silentOk_f_18__4,0.825,silentok,f,18,3,
silentOk_f_18__5,0.6615,silentok,f,18,3,
silentOk_f_18__6,0.4683,silentok,f,18,3,
silentOk_m_18__1,0.9073,silentok,m,18,1,1.065966667
silentOk_m_18__2,0.7823,silentok,m,18,1,0.943866667
silentOk_m_18__3,1.646,silentok,m,18,1,1.340733333
silentOk_m_18__4,0.4901,silentok,m,18,1,0.783166667
silentOk_m_18__5,0.9088,silentok,m,18,1,1.274633333
silentOk_m_18__6,0.7278,silentok,m,18,1,1.003233333
silentOk_m_18__1,1.2803,silentok,m,18,2,
silentOk_m_18__2,1.2622,silentok,m,18,2,
silentOk_m_18__3,1.187,silentok,m,18,2,
silentOk_m_18__4,0.918,silentok,m,18,2,
silentOk_m_18__5,1.6749,silentok,m,18,2,
silentOk_m_18__6,1.3032,silentok,m,18,2,
silentOk_m_18__1,1.0103,silentok,m,18,3,
silentOk_m_18__2,0.7871,silentok,m,18,3,
silentOk_m_18__3,1.1892,silentok,m,18,3,
silentOk_m_18__4,0.9414,silentok,m,18,3,
silentOk_m_18__5,1.2402,silentok,m,18,3,
silentOk_m_18__6,0.9787,silentok,m,18,3,
A4Vok_f_18__1,0.1866,A4Vok,f,18,1,0.339533333
A4Vok_f_18__2,0.5421,A4Vok,f,18,1,0.528233333
A4Vok_f_18__3,0.2145,A4Vok,f,18,1,0.404
A4Vok_f_18__4,0.3124,A4Vok,f,18,1,0.469633333
A4Vok_f_18__5,0.2558,A4Vok,f,18,1,0.4096
A4Vok_f_18__6,0.0968,A4Vok,f,18,1,0.186266667
A4Vok_f_18__1,0.4731,A4Vok,f,18,2,
A4Vok_f_18__2,0.5993,A4Vok,f,18,2,
A4Vok_f_18__3,0.3522,A4Vok,f,18,2,
A4Vok_f_18__4,0.4012,A4Vok,f,18,2,
A4Vok_f_18__5,0.3618,A4Vok,f,18,2,
A4Vok_f_18__6,0.2442,A4Vok,f,18,2,
A4Vok_f_18__1,0.3589,A4Vok,f,18,3,
A4Vok_f_18__2,0.4433,A4Vok,f,18,3,
A4Vok_f_18__3,0.6453,A4Vok,f,18,3,
A4Vok_f_18__4,0.6953,A4Vok,f,18,3,
A4Vok_f_18__5,0.6112,A4Vok,f,18,3,
A4Vok_f_18__6,0.2178,A4Vok,f,18,3,
A4Vok_m_18__1,0.4241,A4Vok,m,18,1,0.5364
A4Vok_m_18__2,0.3688,A4Vok,m,18,1,0.3984
A4Vok_m_18__3,0.9427,A4Vok,m,18,1,0.749433333
A4Vok_m_18__4,0.9841,A4Vok,m,18,1,0.8157
A4Vok_m_18__5,0.2871,A4Vok,m,18,1,0.330366667
A4Vok_m_18__6,0.3262,A4Vok,m,18,1,0.774233333
A4Vok_m_18__1,0.5722,A4Vok,m,18,2,
A4Vok_m_18__2,0.4788,A4Vok,m,18,2,
A4Vok_m_18__3,0.6591,A4Vok,m,18,2,
A4Vok_m_18__4,0.7791,A4Vok,m,18,2,
A4Vok_m_18__5,0.3086,A4Vok,m,18,2,
A4Vok_m_18__6,1.0263,A4Vok,m,18,2,
A4Vok_m_18__1,0.6129,A4Vok,m,18,3,
A4Vok_m_18__2,0.3476,A4Vok,m,18,3,
A4Vok_m_18__3,0.6465,A4Vok,m,18,3,
A4Vok_m_18__4,0.6839,A4Vok,m,18,3,
A4Vok_m_18__5,0.3954,A4Vok,m,18,3,
A4Vok_m_18__6,0.9702,A4Vok,m,18,3,
Silent_f_22__1,0.3721,silent,f,22,1,0.435166667
Silent_f_22__2,0.4947,silent,f,22,1,0.4848
Silent_f_22__3,0.5197,silent,f,22,1,0.524633333
Silent_f_22__4,0.1302,silent,f,22,1,0.310566667
Silent_f_22__5,0.4221,silent,f,22,1,0.579266667
Silent_f_22__6,0.5213,silent,f,22,1,0.746766667
Silent_f_22__1,0.4586,silent,f,22,2,
Silent_f_22__2,0.6321,silent,f,22,2,
Silent_f_22__3,0.5688,silent,f,22,2,
Silent_f_22__4,0.3124,silent,f,22,2,
Silent_f_22__5,0.6098,silent,f,22,2,
Silent_f_22__6,0.9655,silent,f,22,2,
Silent_f_22__1,0.4748,silent,f,22,3,
Silent_f_22__2,0.3276,silent,f,22,3,
Silent_f_22__3,0.4854,silent,f,22,3,
Silent_f_22__4,0.4891,silent,f,22,3,
Silent_f_22__5,0.7059,silent,f,22,3,
Silent_f_22__6,0.7535,silent,f,22,3,
Silent_f_22__1,0.4781,silent,f,22,4,0.360533333
Silent_f_22__2,0.559,silent,f,22,4,0.426266667
Silent_f_22__3,0.234,silent,f,22,4,0.360866667
Silent_f_22__4,0.483,silent,f,22,4,0.318133333
Silent_f_22__5,0.4681,silent,f,22,4,0.4297
Silent_f_22__6,0.8441,silent,f,22,4,0.595666667
Silent_f_22__1,0.3056,silent,f,22,5,
Silent_f_22__2,0.4294,silent,f,22,5,
Silent_f_22__3,0.3765,silent,f,22,5,
Silent_f_22__4,0.2484,silent,f,22,5,
Silent_f_22__5,0.4393,silent,f,22,5,
Silent_f_22__6,0.4877,silent,f,22,5,
Silent_f_22__1,0.2979,silent,f,22,6,
Silent_f_22__2,0.2904,silent,f,22,6,
Silent_f_22__3,0.4721,silent,f,22,6,
Silent_f_22__4,0.223,silent,f,22,6,
Silent_f_22__5,0.3817,silent,f,22,6,
Silent_f_22__6,0.4552,silent,f,22,6,
Silent_m_22__1,0.2529,silent,m,22,1,0.406833333
Silent_m_22__2,0.4682,silent,m,22,1,0.531366667
Silent_m_22__3,0.4351,silent,m,22,1,0.480233333
Silent_m_22__4,0.3583,silent,m,22,1,0.567533333
Silent_m_22__5,0.427,silent,m,22,1,0.455866667
Silent_m_22__6,0.451,silent,m,22,1,0.729166667
Silent_m_22__1,0.4622,silent,m,22,2,
Silent_m_22__2,0.5516,silent,m,22,2,
Silent_m_22__3,0.6288,silent,m,22,2,
Silent_m_22__4,0.5357,silent,m,22,2,
Silent_m_22__5,0.4884,silent,m,22,2,
Silent_m_22__6,0.8078,silent,m,22,2,
Silent_m_22__1,0.5054,silent,m,22,3,
Silent_m_22__2,0.5743,silent,m,22,3,
Silent_m_22__3,0.3768,silent,m,22,3,
Silent_m_22__4,0.8086,silent,m,22,3,
Silent_m_22__5,0.4522,silent,m,22,3,
Silent_m_22__6,0.9287,silent,m,22,3,
A4V_f_22__1,0.1109,A4V,f,22,1,0.050533333
A4V_f_22__2,0.2348,A4V,f,22,1,0.096533333
A4V_f_22__3,0.1536,A4V,f,22,1,0.104066667
A4V_f_22__4,0.1665,A4V,f,22,1,0.073
A4V_f_22__5,0.0905,A4V,f,22,1,0.0807
A4V_f_22__6,0.0441,A4V,f,22,1,0.0559
A4V_f_22__1,0.0407,A4V,f,22,2,
A4V_f_22__2,0.0548,A4V,f,22,2,
A4V_f_22__3,0.1028,A4V,f,22,2,
A4V_f_22__4,0.0525,A4V,f,22,2,
A4V_f_22__5,0.0839,A4V,f,22,2,
A4V_f_22__6,0.0677,A4V,f,22,2,
A4V_f_22__1,0,A4V,f,22,3,
A4V_f_22__2,0,A4V,f,22,3,
A4V_f_22__3,0.0558,A4V,f,22,3,
A4V_f_22__4,0,A4V,f,22,3,
A4V_f_22__5,0.0677,A4V,f,22,3,
A4V_f_22__6,0.0559,A4V,f,22,3,
silentcha_f_22__1,0.317,silentcha,f,22,1,0.2953
silentcha_f_22__2,0.3797,silentcha,f,22,1,0.425833333
silentcha_f_22__3,0.6447,silentcha,f,22,1,0.690833333
silentcha_f_22__4,0.3763,silentcha,f,22,1,0.375033333
silentcha_f_22__5,0.6413,silentcha,f,22,1,0.572733333
silentcha_f_22__6,0.3338,silentcha,f,22,1,0.393533333
silentcha_f_22__1,0.2616,silentcha,f,22,2,
silentcha_f_22__2,0.3239,silentcha,f,22,2,
silentcha_f_22__3,0.9333,silentcha,f,22,2,
silentcha_f_22__4,0.387,silentcha,f,22,2,
silentcha_f_22__5,0.6304,silentcha,f,22,2,
silentcha_f_22__6,0.2968,silentcha,f,22,2,
silentcha_f_22__1,0.3073,silentcha,f,22,3,
silentcha_f_22__2,0.5739,silentcha,f,22,3,
silentcha_f_22__3,0.4945,silentcha,f,22,3,
silentcha_f_22__4,0.3618,silentcha,f,22,3,
silentcha_f_22__5,0.4465,silentcha,f,22,3,
silentcha_f_22__6,0.55,silentcha,f,22,3,
silentcha_m_22__1,0.7755,silentcha,m,22,1,0.758066667
silentcha_m_22__2,0.8916,silentcha,m,22,1,0.822866667
silentcha_m_22__3,0.6901,silentcha,m,22,1,0.688533333
silentcha_m_22__4,1.1867,silentcha,m,22,1,1.092233333
silentcha_m_22__5,0.8,silentcha,m,22,1,0.757233333
silentcha_m_22__6,0.5797,silentcha,m,22,1,0.532433333
silentcha_m_22__1,0.738,silentcha,m,22,2,
silentcha_m_22__2,0.8662,silentcha,m,22,2,
silentcha_m_22__3,0.5836,silentcha,m,22,2,
silentcha_m_22__4,0.9312,silentcha,m,22,2,
silentcha_m_22__5,0.5833,silentcha,m,22,2,
silentcha_m_22__6,0.4858,silentcha,m,22,2,
silentcha_m_22__1,0.7607,silentcha,m,22,3,
silentcha_m_22__2,0.7108,silentcha,m,22,3,
silentcha_m_22__3,0.7919,silentcha,m,22,3,
silentcha_m_22__4,1.1588,silentcha,m,22,3,
silentcha_m_22__5,0.8884,silentcha,m,22,3,
silentcha_m_22__6,0.5318,silentcha,m,22,3,
A4Vcha_f_22__1,0.4251,A4Vcha,f,22,1,0.360566667
A4Vcha_f_22__2,0.0933,A4Vcha,f,22,1,0.183766667
A4Vcha_f_22__3,0.252,A4Vcha,f,22,1,0.3408
A4Vcha_f_22__4,0.4967,A4Vcha,f,22,1,0.440433333
A4Vcha_f_22__5,0.5181,A4Vcha,f,22,1,0.399833333
A4Vcha_f_22__6,0.2362,A4Vcha,f,22,1,0.2296
A4Vcha_f_22__1,0.3302,A4Vcha,f,22,2,
A4Vcha_f_22__2,0.1539,A4Vcha,f,22,2,
A4Vcha_f_22__3,0.3176,A4Vcha,f,22,2,
A4Vcha_f_22__4,0.4416,A4Vcha,f,22,2,
A4Vcha_f_22__5,0.5116,A4Vcha,f,22,2,
A4Vcha_f_22__6,0.1845,A4Vcha,f,22,2,
A4Vcha_f_22__1,0.3264,A4Vcha,f,22,3,
A4Vcha_f_22__2,0.3041,A4Vcha,f,22,3,
A4Vcha_f_22__3,0.4528,A4Vcha,f,22,3,
A4Vcha_f_22__4,0.383,A4Vcha,f,22,3,
A4Vcha_f_22__5,0.1698,A4Vcha,f,22,3,
A4Vcha_f_22__6,0.2681,A4Vcha,f,22,3,
A4Vcha_m_22__1,0.5871,A4Vcha,m,22,1,0.6144
A4Vcha_m_22__2,0.9361,A4Vcha,m,22,1,0.9325
A4Vcha_m_22__3,0.071,A4Vcha,m,22,1,0.102966667
A4Vcha_m_22__4,1.0226,A4Vcha,m,22,1,0.692733333
A4Vcha_m_22__5,0.0378,A4Vcha,m,22,1,0.060233333
A4Vcha_m_22__6,0.5926,A4Vcha,m,22,1,0.7499
A4Vcha_m_22__1,0.6534,A4Vcha,m,22,2,
A4Vcha_m_22__2,0.9462,A4Vcha,m,22,2,
A4Vcha_m_22__3,0.1069,A4Vcha,m,22,2,
A4Vcha_m_22__4,0.5064,A4Vcha,m,22,2,
A4Vcha_m_22__5,0.0666,A4Vcha,m,22,2,
A4Vcha_m_22__6,0.8886,A4Vcha,m,22,2,
A4Vcha_m_22__1,0.6027,A4Vcha,m,22,3,
A4Vcha_m_22__2,0.9152,A4Vcha,m,22,3,
A4Vcha_m_22__3,0.131,A4Vcha,m,22,3,
A4Vcha_m_22__4,0.5492,A4Vcha,m,22,3,
A4Vcha_m_22__5,0.0763,A4Vcha,m,22,3,
A4Vcha_m_22__6,0.7685,A4Vcha,m,22,3,
silentOk_f_22__1,0.1331,silentok,f,22,1,0.303666667
silentOk_f_22__2,0.4152,silentok,f,22,1,0.411366667
silentOk_f_22__3,0.4891,silentok,f,22,1,0.5812
silentOk_f_22__4,0.1108,silentok,f,22,1,0.425466667
silentOk_f_22__5,0.2086,silentok,f,22,1,0.332
silentOk_f_22__6,0.3285,silentok,f,22,1,0.4314
silentOk_f_22__1,0.3684,silentok,f,22,2,
silentOk_f_22__2,0.3708,silentok,f,22,2,
silentOk_f_22__3,0.7921,silentok,f,22,2,
silentOk_f_22__4,0.7664,silentok,f,22,2,
silentOk_f_22__5,0.5397,silentok,f,22,2,
silentOk_f_22__6,0.4369,silentok,f,22,2,
silentOk_f_22__1,0.4095,silentok,f,22,3,
silentOk_f_22__2,0.4481,silentok,f,22,3,
silentOk_f_22__3,0.4624,silentok,f,22,3,
silentOk_f_22__4,0.3992,silentok,f,22,3,
silentOk_f_22__5,0.2477,silentok,f,22,3,
silentOk_f_22__6,0.5288,silentok,f,22,3,
silentOk_m_22__1,0.6282,silentok,m,22,1,0.8361
silentOk_m_22__2,0.916,silentok,m,22,1,1.084833333
silentOk_m_22__3,1.0396,silentok,m,22,1,1.2649
silentOk_m_22__4,0.7135,silentok,m,22,1,1.063366667
silentOk_m_22__5,0.1101,silentok,m,22,1,0.2198
silentOk_m_22__6,0.8951,silentok,m,22,1,0.870066667
silentOk_m_22__1,0.6827,silentok,m,22,2,
silentOk_m_22__2,1.1976,silentok,m,22,2,
silentOk_m_22__3,1.0081,silentok,m,22,2,
silentOk_m_22__4,1.0344,silentok,m,22,2,
silentOk_m_22__5,0.1906,silentok,m,22,2,
silentOk_m_22__6,0.4532,silentok,m,22,2,
silentOk_m_22__1,1.1974,silentok,m,22,3,
silentOk_m_22__2,1.1409,silentok,m,22,3,
silentOk_m_22__3,1.747,silentok,m,22,3,
silentOk_m_22__4,1.4422,silentok,m,22,3,
silentOk_m_22__5,0.3587,silentok,m,22,3,
silentOk_m_22__6,1.2619,silentok,m,22,3,
A4Vok_f_22__1,0.202,A4Vok,f,22,1,0.254
A4Vok_f_22__2,0.3809,A4Vok,f,22,1,0.481033333
A4Vok_f_22__3,0.2325,A4Vok,f,22,1,0.4919
A4Vok_f_22__4,0.2676,A4Vok,f,22,1,0.3139
A4Vok_f_22__5,0.306,A4Vok,f,22,1,0.3893
A4Vok_f_22__6,0.3488,A4Vok,f,22,1,0.286033333
A4Vok_f_22__1,0.301,A4Vok,f,22,2,
A4Vok_f_22__2,0.6408,A4Vok,f,22,2,
A4Vok_f_22__3,0.6364,A4Vok,f,22,2,
A4Vok_f_22__4,0.3299,A4Vok,f,22,2,
A4Vok_f_22__5,0.2915,A4Vok,f,22,2,
A4Vok_f_22__6,0.284,A4Vok,f,22,2,
A4Vok_f_22__1,0.259,A4Vok,f,22,3,
A4Vok_f_22__2,0.4214,A4Vok,f,22,3,
A4Vok_f_22__3,0.6068,A4Vok,f,22,3,
A4Vok_f_22__4,0.3442,A4Vok,f,22,3,
A4Vok_f_22__5,0.5704,A4Vok,f,22,3,
A4Vok_f_22__6,0.2253,A4Vok,f,22,3,
A4Vok_m_22__1,0.302,A4Vok,m,22,1,0.407133333
A4Vok_m_22__2,0.627,A4Vok,m,22,1,0.7666
A4Vok_m_22__3,0.4527,A4Vok,m,22,1,0.433433333
A4Vok_m_22__4,0.2713,A4Vok,m,22,1,0.381733333
A4Vok_m_22__5,0.7912,A4Vok,m,22,1,0.7763
A4Vok_m_22__6,0.2558,A4Vok,m,22,1,0.447966667
A4Vok_m_22__1,0.4881,A4Vok,m,22,2,
A4Vok_m_22__2,0.8426,A4Vok,m,22,2,
A4Vok_m_22__3,0.4242,A4Vok,m,22,2,
A4Vok_m_22__4,0.4196,A4Vok,m,22,2,
A4Vok_m_22__5,0.8025,A4Vok,m,22,2,
A4Vok_m_22__6,0.5265,A4Vok,m,22,2,
A4Vok_m_22__1,0.4313,A4Vok,m,22,3,
A4Vok_m_22__2,0.8302,A4Vok,m,22,3,
A4Vok_m_22__3,0.4234,A4Vok,m,22,3,
A4Vok_m_22__4,0.4543,A4Vok,m,22,3,
A4Vok_m_22__5,0.7352,A4Vok,m,22,3,
A4Vok_m_22__6,0.5616,A4Vok,m,22,3,
Silent_f_26__1,0.1599,silent,f,26,1,0.160066667
Silent_f_26__2,0.2553,silent,f,26,1,0.220333333
Silent_f_26__3,0.1964,silent,f,26,1,0.230733333
Silent_f_26__4,0.1541,silent,f,26,1,0.0755
Silent_f_26__5,0.0897,silent,f,26,1,0.3616
Silent_f_26__6,0.5776,silent,f,26,1,0.426633333
Silent_f_26__1,0.1599,silent,f,26,2,
Silent_f_26__2,0.2079,silent,f,26,2,
Silent_f_26__3,0.2724,silent,f,26,2,
Silent_f_26__4,0.0537,silent,f,26,2,
Silent_f_26__5,0.3424,silent,f,26,2,
Silent_f_26__6,0.4078,silent,f,26,2,
Silent_f_26__1,0.1604,silent,f,26,3,
Silent_f_26__2,0.1978,silent,f,26,3,
Silent_f_26__3,0.2234,silent,f,26,3,
Silent_f_26__4,0.0187,silent,f,26,3,
Silent_f_26__5,0.6527,silent,f,26,3,
Silent_f_26__6,0.2945,silent,f,26,3,
Silent_m_26__1,0.2939,silent,m,26,1,0.304933333
Silent_m_26__2,0.3398,silent,m,26,1,0.306766667
Silent_m_26__3,0.3319,silent,m,26,1,0.415933333
Silent_m_26__4,0.414,silent,m,26,1,0.3216
Silent_m_26__5,0.3298,silent,m,26,1,0.387566667
Silent_m_26__6,0.0583,silent,m,26,1,0.238166667
Silent_m_26__1,0.3053,silent,m,26,2,
Silent_m_26__2,0.21,silent,m,26,2,
Silent_m_26__3,0.3328,silent,m,26,2,
Silent_m_26__4,0.3098,silent,m,26,2,
Silent_m_26__5,0.3302,silent,m,26,2,
Silent_m_26__6,0.3126,silent,m,26,2,
Silent_m_26__1,0.3156,silent,m,26,3,
Silent_m_26__2,0.3705,silent,m,26,3,
Silent_m_26__3,0.5831,silent,m,26,3,
Silent_m_26__4,0.241,silent,m,26,3,
Silent_m_26__5,0.5027,silent,m,26,3,
Silent_m_26__6,0.3436,silent,m,26,3,
A4V_f_26__1,0.0743,A4V,f,26,1,0.0465
A4V_f_26__2,0.1171,A4V,f,26,1,0.0864
A4V_f_26__3,0.23,A4V,f,26,1,0.1992
A4V_f_26__4,0.1054,A4V,f,26,1,0.081066667
A4V_f_26__5,0.1608,A4V,f,26,1,0.099833333
A4V_f_26__6,0.0734,A4V,f,26,1,0.064533333
A4V_f_26__1,0.0205,A4V,f,26,2,
A4V_f_26__2,0.086,A4V,f,26,2,
A4V_f_26__3,0.0676,A4V,f,26,2,
A4V_f_26__4,0.0604,A4V,f,26,2,
A4V_f_26__5,0.0583,A4V,f,26,2,
A4V_f_26__6,0.0422,A4V,f,26,2,
A4V_f_26__1,0.0447,A4V,f,26,3,
A4V_f_26__2,0.0561,A4V,f,26,3,
A4V_f_26__3,0.3,A4V,f,26,3,
A4V_f_26__4,0.0774,A4V,f,26,3,
A4V_f_26__5,0.0804,A4V,f,26,3,
A4V_f_26__6,0.078,A4V,f,26,3,
silentcha_f_26__1,0.2515,silentcha,f,26,1,0.2456
silentcha_f_26__2,0.2794,silentcha,f,26,1,0.421266667
silentcha_f_26__3,0.1453,silentcha,f,26,1,0.170233333
silentcha_f_26__4,0.3059,silentcha,f,26,1,0.362733333
silentcha_f_26__5,0.2824,silentcha,f,26,1,0.146033333
silentcha_f_26__6,0.3843,silentcha,f,26,1,0.3041
silentcha_f_26__1,0.2958,silentcha,f,26,2,
silentcha_f_26__2,0.3735,silentcha,f,26,2,
silentcha_f_26__3,0.2462,silentcha,f,26,2,
silentcha_f_26__4,0.5271,silentcha,f,26,2,
silentcha_f_26__5,0.0878,silentcha,f,26,2,
silentcha_f_26__6,0.2708,silentcha,f,26,2,
silentcha_f_26__1,0.1895,silentcha,f,26,3,
silentcha_f_26__2,0.6109,silentcha,f,26,3,
silentcha_f_26__3,0.1192,silentcha,f,26,3,
silentcha_f_26__4,0.2552,silentcha,f,26,3,
silentcha_f_26__5,0.0679,silentcha,f,26,3,
silentcha_f_26__6,0.2572,silentcha,f,26,3,
silentcha_m_26__1,0.5206,silentcha,m,26,1,0.449466667
silentcha_m_26__2,0.6845,silentcha,m,26,1,0.6932
silentcha_m_26__3,0.5338,silentcha,m,26,1,0.519033333
silentcha_m_26__4,0.1466,silentcha,m,26,1,0.0859
silentcha_m_26__5,1.1701,silentcha,m,26,1,0.7121
silentcha_m_26__6,0.386,silentcha,m,26,1,0.3703
silentcha_m_26__1,0.418,silentcha,m,26,2,
silentcha_m_26__2,0.7549,silentcha,m,26,2,
silentcha_m_26__3,0.7011,silentcha,m,26,2,
silentcha_m_26__4,0.0572,silentcha,m,26,2,
silentcha_m_26__5,0.4916,silentcha,m,26,2,
silentcha_m_26__6,0.2566,silentcha,m,26,2,
silentcha_m_26__1,0.4098,silentcha,m,26,3,
silentcha_m_26__2,0.6402,silentcha,m,26,3,
silentcha_m_26__3,0.3222,silentcha,m,26,3,
silentcha_m_26__4,0.0539,silentcha,m,26,3,
silentcha_m_26__5,0.4746,silentcha,m,26,3,
silentcha_m_26__6,0.4683,silentcha,m,26,3,
A4Vcha_f_26__1,0.3074,A4Vcha,f,26,1,0.307
A4Vcha_f_26__2,0.1092,A4Vcha,f,26,1,0.155733333
A4Vcha_f_26__3,0.4374,A4Vcha,f,26,1,0.5747
A4Vcha_f_26__4,0.5448,A4Vcha,f,26,1,0.4523
A4Vcha_f_26__5,0.077,A4Vcha,f,26,1,0.0657
A4Vcha_f_26__6,0.5028,A4Vcha,f,26,1,0.466166667
A4Vcha_f_26__1,0.3228,A4Vcha,f,26,2,
A4Vcha_f_26__2,0.1652,A4Vcha,f,26,2,
A4Vcha_f_26__3,0.7566,A4Vcha,f,26,2,
A4Vcha_f_26__4,0.6663,A4Vcha,f,26,2,
A4Vcha_f_26__5,0.0559,A4Vcha,f,26,2,
A4Vcha_f_26__6,0.6233,A4Vcha,f,26,2,
A4Vcha_f_26__1,0.2908,A4Vcha,f,26,3,
A4Vcha_f_26__2,0.1928,A4Vcha,f,26,3,
A4Vcha_f_26__3,0.5301,A4Vcha,f,26,3,
A4Vcha_f_26__4,0.1458,A4Vcha,f,26,3,
A4Vcha_f_26__5,0.0642,A4Vcha,f,26,3,
A4Vcha_f_26__6,0.2724,A4Vcha,f,26,3,
A4Vcha_m_26__1,0.1753,A4Vcha,m,26,1,0.369633333
A4Vcha_m_26__2,0.5495,A4Vcha,m,26,1,0.712833333
A4Vcha_m_26__3,0.2834,A4Vcha,m,26,1,0.3419
A4Vcha_m_26__4,0.4158,A4Vcha,m,26,1,0.452666667
A4Vcha_m_26__5,0.332,A4Vcha,m,26,1,0.521366667
A4Vcha_m_26__6,0.1314,A4Vcha,m,26,1,0.445366667
A4Vcha_m_26__1,0.488,A4Vcha,m,26,2,
A4Vcha_m_26__2,0.8818,A4Vcha,m,26,2,
A4Vcha_m_26__3,0.2518,A4Vcha,m,26,2,
A4Vcha_m_26__4,0.4389,A4Vcha,m,26,2,
A4Vcha_m_26__5,0.7372,A4Vcha,m,26,2,
A4Vcha_m_26__6,0.739,A4Vcha,m,26,2,
A4Vcha_m_26__1,0.4456,A4Vcha,m,26,3,
A4Vcha_m_26__2,0.7072,A4Vcha,m,26,3,
A4Vcha_m_26__3,0.4905,A4Vcha,m,26,3,
A4Vcha_m_26__4,0.5033,A4Vcha,m,26,3,
A4Vcha_m_26__5,0.4949,A4Vcha,m,26,3,
A4Vcha_m_26__6,0.4657,A4Vcha,m,26,3,
silentOk_f_26__1,0.1633,silentok,f,26,1,0.2546
silentOk_f_26__2,0.1236,silentok,f,26,1,0.302166667
silentOk_f_26__3,0.246,silentok,f,26,1,0.313833333
silentOk_f_26__4,0.1476,silentok,f,26,1,0.388866667
silentOk_f_26__5,0.1129,silentok,f,26,1,0.331933333
silentOk_f_26__6,0.4429,silentok,f,26,1,0.368433333
silentOk_f_26__1,0.2629,silentok,f,26,2,
silentOk_f_26__2,0.3421,silentok,f,26,2,
silentOk_f_26__3,0.3563,silentok,f,26,2,
silentOk_f_26__4,0.447,silentok,f,26,2,
silentOk_f_26__5,0.5397,silentok,f,26,2,
silentOk_f_26__6,0.3592,silentok,f,26,2,
silentOk_f_26__1,0.3376,silentok,f,26,3,
silentOk_f_26__2,0.4408,silentok,f,26,3,
silentOk_f_26__3,0.3392,silentok,f,26,3,
silentOk_f_26__4,0.572,silentok,f,26,3,
silentOk_f_26__5,0.3432,silentok,f,26,3,
silentOk_f_26__6,0.3032,silentok,f,26,3,
silentOk_m_26__1,0.2812,silentok,m,26,1,0.312933333
silentOk_m_26__2,0.1676,silentok,m,26,1,0.272466667
silentOk_m_26__3,0.3228,silentok,m,26,1,0.471533333
silentOk_m_26__4,0.512,silentok,m,26,1,0.359366667
silentOk_m_26__5,0.2422,silentok,m,26,1,0.405966667
silentOk_m_26__6,0.1655,silentok,m,26,1,0.232466667
silentOk_m_26__1,0.3228,silentok,m,26,2,
silentOk_m_26__2,0.2195,silentok,m,26,2,
silentOk_m_26__3,0.5332,silentok,m,26,2,
silentOk_m_26__4,0.2964,silentok,m,26,2,
silentOk_m_26__5,0.5486,silentok,m,26,2,
silentOk_m_26__6,0.1459,silentok,m,26,2,
silentOk_m_26__1,0.3348,silentok,m,26,3,
silentOk_m_26__2,0.4303,silentok,m,26,3,
silentOk_m_26__3,0.5586,silentok,m,26,3,
silentOk_m_26__4,0.2697,silentok,m,26,3,
silentOk_m_26__5,0.4271,silentok,m,26,3,
silentOk_m_26__6,0.386,silentok,m,26,3,
A4Vok_f_26__1,0.2194,A4Vok,f,26,1,0.2009
A4Vok_f_26__2,0.2329,A4Vok,f,26,1,0.122933333
A4Vok_f_26__3,0.5899,A4Vok,f,26,1,0.5364
A4Vok_f_26__4,0.1984,A4Vok,f,26,1,0.199166667
A4Vok_f_26__5,0.2149,A4Vok,f,26,1,0.3157
A4Vok_f_26__6,0.3405,A4Vok,f,26,1,0.265333333
A4Vok_f_26__1,0.2303,A4Vok,f,26,2,
A4Vok_f_26__2,0.1359,A4Vok,f,26,2,
A4Vok_f_26__3,0.4962,A4Vok,f,26,2,
A4Vok_f_26__4,0.1984,A4Vok,f,26,2,
A4Vok_f_26__5,0.3059,A4Vok,f,26,2,
A4Vok_f_26__6,0.258,A4Vok,f,26,2,
A4Vok_f_26__1,0.153,A4Vok,f,26,3,
A4Vok_f_26__2,0,A4Vok,f,26,3,
A4Vok_f_26__3,0.5231,A4Vok,f,26,3,
A4Vok_f_26__4,0.2007,A4Vok,f,26,3,
A4Vok_f_26__5,0.4263,A4Vok,f,26,3,
A4Vok_f_26__6,0.1975,A4Vok,f,26,3,
A4Vok_m_26__1,0.339,A4Vok,m,26,1,0.3609
A4Vok_m_26__2,0.425,A4Vok,m,26,1,0.5486
A4Vok_m_26__3,0.2932,A4Vok,m,26,1,0.425133333
A4Vok_m_26__4,0.2765,A4Vok,m,26,1,0.370233333
A4Vok_m_26__5,0.2096,A4Vok,m,26,1,0.223166667
A4Vok_m_26__6,0.5506,A4Vok,m,26,1,0.4472
A4Vok_m_26__1,0.3525,A4Vok,m,26,2,
A4Vok_m_26__2,0.6805,A4Vok,m,26,2,
A4Vok_m_26__3,0.3543,A4Vok,m,26,2,
A4Vok_m_26__4,0.3128,A4Vok,m,26,2,
A4Vok_m_26__5,0.2118,A4Vok,m,26,2,
A4Vok_m_26__6,0.5091,A4Vok,m,26,2,
A4Vok_m_26__1,0.3912,A4Vok,m,26,3,
A4Vok_m_26__2,0.5403,A4Vok,m,26,3,
A4Vok_m_26__3,0.6279,A4Vok,m,26,3,
A4Vok_m_26__4,0.5214,A4Vok,m,26,3,
A4Vok_m_26__5,0.2481,A4Vok,m,26,3,
A4Vok_m_26__6,0.2819,A4Vok,m,26,3,
Silent_f_32__1,0.199,silent,f,32,1,0.189033333
Silent_f_32__2,0.1654,silent,f,32,1,0.249433333
Silent_f_32__3,0.3479,silent,f,32,1,0.1463
Silent_f_32__4,0.0867,silent,f,32,1,0.069966667
Silent_f_32__5,0.1073,silent,f,32,1,0.311733333
Silent_f_32__6,0.1774,silent,f,32,1,0.260233333
Silent_f_32__1,0.1794,silent,f,32,2,
Silent_f_32__2,0.2217,silent,f,32,2,
Silent_f_32__3,0.042,silent,f,32,2,
Silent_f_32__4,0.0447,silent,f,32,2,
Silent_f_32__5,0.5199,silent,f,32,2,
Silent_f_32__6,0.139,silent,f,32,2,
Silent_f_32__1,0.1887,silent,f,32,3,
Silent_f_32__2,0.3612,silent,f,32,3,
Silent_f_32__3,0.049,silent,f,32,3,
Silent_f_32__4,0.0785,silent,f,32,3,
Silent_f_32__5,0.308,silent,f,32,3,
Silent_f_32__6,0.4643,silent,f,32,3,
Silent_m_32__1,0.2875,silent,m,32,1,0.393266667
Silent_m_32__2,0.2504,silent,m,32,1,0.481233333
Silent_m_32__3,0.5535,silent,m,32,1,0.553066667
Silent_m_32__4,0.5024,silent,m,32,1,0.768566667
Silent_m_32__5,0.356,silent,m,32,1,0.436533333
Silent_m_32__6,0.0459,silent,m,32,1,0.1177
Silent_m_32__1,0.6563,silent,m,32,2,
Silent_m_32__2,0.6176,silent,m,32,2,
Silent_m_32__3,0.7164,silent,m,32,2,
Silent_m_32__4,1.0676,silent,m,32,2,
Silent_m_32__5,0.4023,silent,m,32,2,
Silent_m_32__6,0.0577,silent,m,32,2,
Silent_m_32__1,0.236,silent,m,32,3,
Silent_m_32__2,0.5757,silent,m,32,3,
Silent_m_32__3,0.3893,silent,m,32,3,
Silent_m_32__4,0.7357,silent,m,32,3,
Silent_m_32__5,0.5513,silent,m,32,3,
Silent_m_32__6,0.2495,silent,m,32,3,
A4V_f_32__1,0.3092,A4V,f,32,1,0.2838
A4V_f_32__2,0.2476,A4V,f,32,1,0.177966667
A4V_f_32__3,0.5982,A4V,f,32,1,0.643433333
A4V_f_32__4,0.3423,A4V,f,32,1,0.329066667
A4V_f_32__5,0.3075,A4V,f,32,1,0.473666667
A4V_f_32__6,0.3412,A4V,f,32,1,0.390466667
A4V_f_32__1,0.249,A4V,f,32,2,
A4V_f_32__2,0.1107,A4V,f,32,2,
A4V_f_32__3,0.4927,A4V,f,32,2,
A4V_f_32__4,0.2511,A4V,f,32,2,
A4V_f_32__5,0.9108,A4V,f,32,2,
A4V_f_32__6,0.1591,A4V,f,32,2,
A4V_f_32__1,0.2932,A4V,f,32,3,
A4V_f_32__2,0.1756,A4V,f,32,3,
A4V_f_32__3,0.8394,A4V,f,32,3,
A4V_f_32__4,0.3938,A4V,f,32,3,
A4V_f_32__5,0.2027,A4V,f,32,3,
A4V_f_32__6,0.6711,A4V,f,32,3,
silentcha_f_32__1,0.2298,silentcha,f,32,1,0.2063
silentcha_f_32__2,0.3848,silentcha,f,32,1,0.387366667
silentcha_f_32__3,0.4605,silentcha,f,32,1,0.503933333
silentcha_f_32__4,0.2958,silentcha,f,32,1,0.308766667
silentcha_f_32__5,0.3938,silentcha,f,32,1,0.3421
silentcha_f_32__6,0.2238,silentcha,f,32,1,0.1202
silentcha_f_32__1,0.2118,silentcha,f,32,2,
silentcha_f_32__2,0.4419,silentcha,f,32,2,
silentcha_f_32__3,0.4822,silentcha,f,32,2,
silentcha_f_32__4,0.342,silentcha,f,32,2,
silentcha_f_32__5,0.2517,silentcha,f,32,2,
silentcha_f_32__6,0.1368,silentcha,f,32,2,
silentcha_f_32__1,0.1773,silentcha,f,32,3,
silentcha_f_32__2,0.3354,silentcha,f,32,3,
silentcha_f_32__3,0.5691,silentcha,f,32,3,
silentcha_f_32__4,0.2885,silentcha,f,32,3,
silentcha_f_32__5,0.3808,silentcha,f,32,3,
silentcha_f_32__6,0,silentcha,f,32,3,
silentcha_m_32__1,0.4497,silentcha,m,32,1,0.531533333
silentcha_m_32__2,0.2897,silentcha,m,32,1,1.013233333
silentcha_m_32__3,0.3953,silentcha,m,32,1,0.510966667
silentcha_m_32__4,0.8227,silentcha,m,32,1,0.792133333
silentcha_m_32__5,1.1512,silentcha,m,32,1,0.845033333
silentcha_m_32__6,0.3439,silentcha,m,32,1,0.475866667
silentcha_m_32__1,0.5773,silentcha,m,32,2,
silentcha_m_32__2,1.446,silentcha,m,32,2,
silentcha_m_32__3,0.5908,silentcha,m,32,2,
silentcha_m_32__4,0.7985,silentcha,m,32,2,
silentcha_m_32__5,0.8936,silentcha,m,32,2,
silentcha_m_32__6,0.5758,silentcha,m,32,2,
silentcha_m_32__1,0.5676,silentcha,m,32,3,
silentcha_m_32__2,1.304,silentcha,m,32,3,
silentcha_m_32__3,0.5468,silentcha,m,32,3,
silentcha_m_32__4,0.7552,silentcha,m,32,3,
silentcha_m_32__5,0.4903,silentcha,m,32,3,
silentcha_m_32__6,0.5079,silentcha,m,32,3,
A4Vcha_f_32__1,0.1978,A4Vcha,f,32,1,0.237466667
A4Vcha_f_32__2,0.048,A4Vcha,f,32,1,0.024033333
A4Vcha_f_32__3,0.4079,A4Vcha,f,32,1,0.441133333
A4Vcha_f_32__4,0.3277,A4Vcha,f,32,1,0.331766667
A4Vcha_f_32__5,0.1121,A4Vcha,f,32,1,0.105133333
A4Vcha_f_32__6,0.1556,A4Vcha,f,32,1,0.238
A4Vcha_f_32__1,0.2487,A4Vcha,f,32,2,
A4Vcha_f_32__2,0,A4Vcha,f,32,2,
A4Vcha_f_32__3,0.4235,A4Vcha,f,32,2,
A4Vcha_f_32__4,0.2658,A4Vcha,f,32,2,
A4Vcha_f_32__5,0.1414,A4Vcha,f,32,2,
A4Vcha_f_32__6,0.1067,A4Vcha,f,32,2,
A4Vcha_f_32__1,0.2659,A4Vcha,f,32,3,
A4Vcha_f_32__2,0.0241,A4Vcha,f,32,3,
A4Vcha_f_32__3,0.492,A4Vcha,f,32,3,
A4Vcha_f_32__4,0.4018,A4Vcha,f,32,3,
A4Vcha_f_32__5,0.0619,A4Vcha,f,32,3,
A4Vcha_f_32__6,0.4517,A4Vcha,f,32,3,
A4Vcha_m_32__1,0.6238,A4Vcha,m,32,1,0.4607
A4Vcha_m_32__2,0.8535,A4Vcha,m,32,1,0.878133333
A4Vcha_m_32__3,0.3822,A4Vcha,m,32,1,0.319533333
A4Vcha_m_32__4,0.4078,A4Vcha,m,32,1,0.5417
A4Vcha_m_32__5,0.088,A4Vcha,m,32,1,0.1617
A4Vcha_m_32__6,0.2823,A4Vcha,m,32,1,0.194066667
A4Vcha_m_32__1,0.3838,A4Vcha,m,32,2,
A4Vcha_m_32__2,0.9397,A4Vcha,m,32,2,
A4Vcha_m_32__3,0.1615,A4Vcha,m,32,2,
A4Vcha_m_32__4,0.5006,A4Vcha,m,32,2,
A4Vcha_m_32__5,0.2204,A4Vcha,m,32,2,
A4Vcha_m_32__6,0.203,A4Vcha,m,32,2,
A4Vcha_m_32__1,0.3745,A4Vcha,m,32,3,
A4Vcha_m_32__2,0.8412,A4Vcha,m,32,3,
A4Vcha_m_32__3,0.4149,A4Vcha,m,32,3,
A4Vcha_m_32__4,0.7167,A4Vcha,m,32,3,
A4Vcha_m_32__5,0.1767,A4Vcha,m,32,3,
A4Vcha_m_32__6,0.0969,A4Vcha,m,32,3,
silentOk_f_32__1,0.1909,silentok,f,32,1,0.221266667
silentOk_f_32__2,0.1046,silentok,f,32,1,0.211533333
silentOk_f_32__3,0.523,silentok,f,32,1,0.445266667
silentOk_f_32__4,0.0825,silentok,f,32,1,0.114766667
silentOk_f_32__5,0.1316,silentok,f,32,1,0.083233333
silentOk_f_32__6,0.4161,silentok,f,32,1,0.4867
silentOk_f_32__1,0.1879,silentok,f,32,2,
silentOk_f_32__2,0.2266,silentok,f,32,2,
silentOk_f_32__3,0.3469,silentok,f,32,2,
silentOk_f_32__4,0.0251,silentok,f,32,2,
silentOk_f_32__5,0.0582,silentok,f,32,2,
silentOk_f_32__6,0.5795,silentok,f,32,2,
silentOk_f_32__1,0.285,silentok,f,32,3,
silentOk_f_32__2,0.3034,silentok,f,32,3,
silentOk_f_32__3,0.4659,silentok,f,32,3,
silentOk_f_32__4,0.2367,silentok,f,32,3,
silentOk_f_32__5,0.0599,silentok,f,32,3,
silentOk_f_32__6,0.4645,silentok,f,32,3,
silentOk_m_32__1,0.4611,silentok,m,32,1,0.5261
silentOk_m_32__2,0.4738,silentok,m,32,1,0.8727
silentOk_m_32__3,0.47,silentok,m,32,1,0.693833333
silentOk_m_32__4,1.0279,silentok,m,32,1,0.674733333
silentOk_m_32__5,0.4223,silentok,m,32,1,0.598933333
silentOk_m_32__6,0.5183,silentok,m,32,1,0.557
silentOk_m_32__1,0.3589,silentok,m,32,2,
silentOk_m_32__2,1.6244,silentok,m,32,2,
silentOk_m_32__3,0.7926,silentok,m,32,2,
silentOk_m_32__4,0.4805,silentok,m,32,2,
silentOk_m_32__5,0.7536,silentok,m,32,2,
silentOk_m_32__6,0.4125,silentok,m,32,2,
silentOk_m_32__1,0.7583,silentok,m,32,3,
silentOk_m_32__2,0.5199,silentok,m,32,3,
silentOk_m_32__3,0.8189,silentok,m,32,3,
silentOk_m_32__4,0.5158,silentok,m,32,3,
silentOk_m_32__5,0.6209,silentok,m,32,3,
silentOk_m_32__6,0.7402,silentok,m,32,3,
A4Vok_f_32__1,0.2897,A4Vok,f,32,1,0.235233333
A4Vok_f_32__2,0.0913,A4Vok,f,32,1,0.071633333
A4Vok_f_32__3,0.4368,A4Vok,f,32,1,0.219233333
A4Vok_f_32__4,0.2896,A4Vok,f,32,1,0.3568
A4Vok_f_32__5,0.2692,A4Vok,f,32,1,0.3525
A4Vok_f_32__6,0.2746,A4Vok,f,32,1,0.299766667
A4Vok_f_32__1,0.1532,A4Vok,f,32,2,
A4Vok_f_32__2,0.0566,A4Vok,f,32,2,
A4Vok_f_32__3,0.1166,A4Vok,f,32,2,
A4Vok_f_32__4,0.3211,A4Vok,f,32,2,
A4Vok_f_32__5,0.3326,A4Vok,f,32,2,
A4Vok_f_32__6,0.1772,A4Vok,f,32,2,
A4Vok_f_32__1,0.2628,A4Vok,f,32,3,
A4Vok_f_32__2,0.067,A4Vok,f,32,3,
A4Vok_f_32__3,0.1043,A4Vok,f,32,3,
A4Vok_f_32__4,0.4597,A4Vok,f,32,3,
A4Vok_f_32__5,0.4557,A4Vok,f,32,3,
A4Vok_f_32__6,0.4475,A4Vok,f,32,3,
A4Vok_m_32__1,0.2547,A4Vok,m,32,1,0.392766667
A4Vok_m_32__2,0.4429,A4Vok,m,32,1,0.322733333
A4Vok_m_32__3,0.4437,A4Vok,m,32,1,0.746466667
A4Vok_m_32__4,0.2157,A4Vok,m,32,1,0.544
A4Vok_m_32__5,0.0921,A4Vok,m,32,1,0.321266667
A4Vok_m_32__6,0.3326,A4Vok,m,32,1,0.4677
A4Vok_m_32__1,0.4748,A4Vok,m,32,2,
A4Vok_m_32__2,0.2378,A4Vok,m,32,2,
A4Vok_m_32__3,0.9684,A4Vok,m,32,2,
A4Vok_m_32__4,0.4495,A4Vok,m,32,2,
A4Vok_m_32__5,0.5269,A4Vok,m,32,2,
A4Vok_m_32__6,0.5149,A4Vok,m,32,2,
A4Vok_m_32__1,0.4488,A4Vok,m,32,3,
A4Vok_m_32__2,0.2875,A4Vok,m,32,3,
A4Vok_m_32__3,0.8273,A4Vok,m,32,3,
A4Vok_m_32__4,0.9668,A4Vok,m,32,3,
A4Vok_m_32__5,0.3448,A4Vok,m,32,3,
A4Vok_m_32__6,0.5556,A4Vok,m,32,3,